,ds,yhat
0,2015-01-01,154.0
1,2015-01-02,154.0
2,2015-01-03,154.0
3,2015-01-04,154.0
4,2015-01-05,154.0
5,2015-01-06,154.0
6,2015-01-07,154.0
7,2015-01-08,154.0
8,2015-01-09,154.0
9,2015-01-10,154.0
10,2015-01-11,154.0
11,2015-01-12,154.0
12,2015-01-13,154.0
13,2015-01-14,154.0
14,2015-01-15,154.0
15,2015-01-16,154.0
16,2015-01-17,154.0
17,2015-01-18,154.0
18,2015-01-19,154.0
19,2015-01-20,154.0
20,2015-01-21,154.0
21,2015-01-22,154.0
22,2015-01-23,154.0
23,2015-01-24,154.0
24,2015-01-25,154.0
25,2015-01-26,154.0
26,2015-01-27,154.0
27,2015-01-28,154.0
28,2015-01-29,154.0
29,2015-01-30,154.0
30,2015-01-31,154.0
31,2015-02-01,154.0
32,2015-02-02,154.0
33,2015-02-03,154.0
34,2015-02-04,154.0
35,2015-02-05,154.0
36,2015-02-06,154.0
37,2015-02-07,154.0
38,2015-02-08,154.0
39,2015-02-09,154.0
40,2015-02-10,154.0
41,2015-02-11,154.0
42,2015-02-12,154.0
43,2015-02-13,154.0
44,2015-02-14,154.0
45,2015-02-15,154.0
46,2015-02-16,154.0
47,2015-02-17,154.0
48,2015-02-18,154.0
49,2015-02-19,154.0
50,2015-02-20,154.0
51,2015-02-21,154.0
52,2015-02-22,154.0
53,2015-02-23,154.0
54,2015-02-24,154.0
55,2015-02-25,154.0
56,2015-02-26,154.0
57,2015-02-27,154.0
58,2015-02-28,154.0
59,2015-03-01,154.0
60,2015-03-02,154.0
61,2015-03-03,154.0
62,2015-03-04,154.0
63,2015-03-05,154.0
64,2015-03-06,154.0
65,2015-03-07,154.0
66,2015-03-08,154.0
67,2015-03-09,154.0
68,2015-03-10,154.0
69,2015-03-11,154.0
70,2015-03-12,154.0
71,2015-03-13,154.0
72,2015-03-14,154.0
73,2015-03-15,154.0
74,2015-03-16,154.0
75,2015-03-17,154.0
76,2015-03-18,154.0
77,2015-03-19,154.0
78,2015-03-20,154.0
79,2015-03-21,154.0
80,2015-03-22,154.0
81,2015-03-23,154.0
82,2015-03-24,154.0
83,2015-03-25,154.0
84,2015-03-26,154.0
85,2015-03-27,154.0
86,2015-03-28,154.0
87,2015-03-29,154.0
88,2015-03-30,154.0
89,2015-03-31,154.0
90,2015-04-01,154.0
91,2015-04-02,154.0
92,2015-04-03,154.0
93,2015-04-04,154.0
94,2015-04-05,154.0
95,2015-04-06,154.0
96,2015-04-07,154.0
97,2015-04-08,154.0
98,2015-04-09,154.0
99,2015-04-10,154.0
100,2015-04-11,154.0
101,2015-04-12,154.0
102,2015-04-13,154.0
103,2015-04-14,154.0
104,2015-04-15,154.0
105,2015-04-16,154.0
106,2015-04-17,154.0
107,2015-04-18,154.0
108,2015-04-19,154.0
109,2015-04-20,154.0
110,2015-04-21,154.0
111,2015-04-22,154.0
112,2015-04-23,154.0
113,2015-04-24,154.0
114,2015-04-25,154.0
115,2015-04-26,154.0
116,2015-04-27,154.0
117,2015-04-28,154.0
118,2015-04-29,154.0
119,2015-04-30,154.0
120,2015-05-01,154.0
121,2015-05-02,154.0
122,2015-05-03,154.0
123,2015-05-04,154.0
124,2015-05-05,154.0
125,2015-05-06,154.0
126,2015-05-07,154.0
127,2015-05-08,154.0
128,2015-05-09,154.0
129,2015-05-10,154.0
130,2015-05-11,154.0
131,2015-05-12,154.0
132,2015-05-13,154.0
133,2015-05-14,154.0
134,2015-05-15,154.0
135,2015-05-16,154.0
136,2015-05-17,154.0
137,2015-05-18,154.0
138,2015-05-19,154.0
139,2015-05-20,154.0
140,2015-05-21,154.0
141,2015-05-22,154.0
142,2015-05-23,154.0
143,2015-05-24,154.0
144,2015-05-25,154.0
145,2015-05-26,154.0
146,2015-05-27,154.0
147,2015-05-28,154.0
148,2015-05-29,154.0
149,2015-05-30,154.0
150,2015-05-31,154.0
151,2015-06-01,154.0
152,2015-06-02,154.0
153,2015-06-03,154.0
154,2015-06-04,154.0
155,2015-06-05,154.0
156,2015-06-06,154.0
157,2015-06-07,154.0
158,2015-06-08,154.0
159,2015-06-09,154.0
160,2015-06-10,154.0
161,2015-06-11,154.0
162,2015-06-12,154.0
163,2015-06-13,154.0
164,2015-06-14,154.0
165,2015-06-15,154.0
166,2015-06-16,154.0
167,2015-06-17,154.0
168,2015-06-18,154.0
169,2015-06-19,154.0
170,2015-06-20,154.0
171,2015-06-21,154.0
172,2015-06-22,154.0
173,2015-06-23,154.0
174,2015-06-24,154.0
175,2015-06-25,154.0
176,2015-06-26,154.0
177,2015-06-27,154.0
178,2015-06-28,154.0
179,2015-06-29,154.0
180,2015-06-30,154.0
181,2015-07-01,154.0
182,2015-07-02,154.0
183,2015-07-03,154.0
184,2015-07-04,154.0
185,2015-07-05,154.0
186,2015-07-06,154.0
187,2015-07-07,154.0
188,2015-07-08,154.0
189,2015-07-09,154.0
190,2015-07-10,154.0
191,2015-07-11,154.0
192,2015-07-12,154.0
193,2015-07-13,154.0
194,2015-07-14,154.0
195,2015-07-15,154.0
196,2015-07-16,154.0
197,2015-07-17,154.0
198,2015-07-18,154.0
199,2015-07-19,154.0
200,2015-07-20,154.0
201,2015-07-21,154.0
202,2015-07-22,154.0
203,2015-07-23,154.0
204,2015-07-24,154.0
205,2015-07-25,154.0
206,2015-07-26,154.0
207,2015-07-27,154.0
208,2015-07-28,154.0
209,2015-07-29,154.0
210,2015-07-30,154.0
211,2015-07-31,154.0
212,2015-08-01,154.0
213,2015-08-02,154.0
214,2015-08-03,154.0
215,2015-08-04,154.0
216,2015-08-05,154.0
217,2015-08-06,154.0
218,2015-08-07,154.0
219,2015-08-08,154.0
220,2015-08-09,154.0
221,2015-08-10,154.0
222,2015-08-11,154.0
223,2015-08-12,154.0
224,2015-08-13,154.0
225,2015-08-14,154.0
226,2015-08-15,154.0
227,2015-08-16,154.0
228,2015-08-17,154.0
229,2015-08-18,154.0
230,2015-08-19,154.0
231,2015-08-20,154.0
232,2015-08-21,154.0
233,2015-08-22,154.0
234,2015-08-23,154.0
235,2015-08-24,154.0
236,2015-08-25,154.0
237,2015-08-26,154.0
238,2015-08-27,154.0
239,2015-08-28,154.0
240,2015-08-29,154.0
241,2015-08-30,154.0
242,2015-08-31,154.0
243,2015-09-01,154.0
244,2015-09-02,154.0
245,2015-09-03,154.0
246,2015-09-04,154.0
247,2015-09-05,154.0
248,2015-09-06,154.0
249,2015-09-07,154.0
250,2015-09-08,154.0
251,2015-09-09,154.0
252,2015-09-10,154.0
253,2015-09-11,154.0
254,2015-09-12,154.0
255,2015-09-13,154.0
256,2015-09-14,154.0
257,2015-09-15,154.0
258,2015-09-16,154.0
259,2015-09-17,154.0
260,2015-09-18,154.0
261,2015-09-19,154.0
262,2015-09-20,154.0
263,2015-09-21,154.0
264,2015-09-22,154.0
265,2015-09-23,154.0
266,2015-09-24,154.0
267,2015-09-25,154.0
268,2015-09-26,154.0
269,2015-09-27,154.0
270,2015-09-28,154.0
271,2015-09-29,154.0
272,2015-09-30,154.0
273,2015-10-01,154.0
274,2015-10-02,154.0
275,2015-10-03,154.0
276,2015-10-04,154.0
277,2015-10-05,154.0
278,2015-10-06,154.0
279,2015-10-07,154.0
280,2015-10-08,154.0
281,2015-10-09,154.0
282,2015-10-10,154.0
283,2015-10-11,154.0
284,2015-10-12,154.0
285,2015-10-13,154.0
286,2015-10-14,154.0
287,2015-10-15,154.0
288,2015-10-16,154.0
289,2015-10-17,154.0
290,2015-10-18,154.0
291,2015-10-19,154.0
292,2015-10-20,154.0
293,2015-10-21,154.0
294,2015-10-22,154.0
295,2015-10-23,154.0
296,2015-10-24,154.0
297,2015-10-25,154.0
298,2015-10-26,154.0
299,2015-10-27,154.0
300,2015-10-28,154.0
301,2015-10-29,154.0
302,2015-10-30,154.0
303,2015-10-31,154.0
304,2015-11-01,154.0
305,2015-11-02,154.0
306,2015-11-03,154.0
307,2015-11-04,154.0
308,2015-11-05,154.0
309,2015-11-06,154.0
310,2015-11-07,154.0
311,2015-11-08,154.0
312,2015-11-09,154.0
313,2015-11-10,154.0
314,2015-11-11,154.0
315,2015-11-12,154.0
316,2015-11-13,154.0
317,2015-11-14,154.0
318,2015-11-15,154.0
319,2015-11-16,154.0
320,2015-11-17,154.0
321,2015-11-18,154.0
322,2015-11-19,154.0
323,2015-11-20,154.0
324,2015-11-21,154.0
325,2015-11-22,154.0
326,2015-11-23,154.0
327,2015-11-24,154.0
328,2015-11-25,154.0
329,2015-11-26,154.0
330,2015-11-27,154.0
331,2015-11-28,154.0
332,2015-11-29,154.0
333,2015-11-30,154.0
334,2015-12-01,154.0
335,2015-12-02,154.0
336,2015-12-03,154.0
337,2015-12-04,154.0
338,2015-12-05,154.0
339,2015-12-06,154.0
340,2015-12-07,154.0
341,2015-12-08,154.0
342,2015-12-09,154.0
343,2015-12-10,154.0
344,2015-12-11,154.0
345,2015-12-12,154.0
346,2015-12-13,154.0
347,2015-12-14,154.0
348,2015-12-15,154.0
349,2015-12-16,154.0
350,2015-12-17,154.0
351,2015-12-18,154.0
352,2015-12-19,154.0
353,2015-12-20,154.0
354,2015-12-21,154.0
355,2015-12-22,154.0
356,2015-12-23,154.0
357,2015-12-24,154.0
358,2015-12-25,154.0
359,2015-12-26,154.0
360,2015-12-27,154.0
361,2015-12-28,154.0
362,2015-12-29,154.0
363,2015-12-30,154.0
364,2015-12-31,154.0
365,2016-01-01,154.0
366,2016-01-02,154.0
367,2016-01-03,154.0
368,2016-01-04,154.0
369,2016-01-05,154.0
370,2016-01-06,154.0
371,2016-01-07,154.0
372,2016-01-08,154.0
373,2016-01-09,154.0
374,2016-01-10,154.0
375,2016-01-11,154.0
376,2016-01-12,154.0
377,2016-01-13,154.0
378,2016-01-14,154.0
379,2016-01-15,154.0
380,2016-01-16,154.0
381,2016-01-17,154.0
382,2016-01-18,154.0
383,2016-01-19,154.0
384,2016-01-20,154.0
385,2016-01-21,154.0
386,2016-01-22,154.0
387,2016-01-23,154.0
388,2016-01-24,154.0
389,2016-01-25,154.0
390,2016-01-26,154.0
391,2016-01-27,154.0
392,2016-01-28,154.0
393,2016-01-29,154.0
394,2016-01-30,154.0
395,2016-01-31,154.0
396,2016-02-01,154.0
397,2016-02-02,154.0
398,2016-02-03,154.0
399,2016-02-04,154.0
400,2016-02-05,154.0
401,2016-02-06,154.0
402,2016-02-07,154.0
403,2016-02-08,154.0
404,2016-02-09,154.0
405,2016-02-10,154.0
406,2016-02-11,154.0
407,2016-02-12,154.0
408,2016-02-13,154.0
409,2016-02-14,154.0
410,2016-02-15,154.0
411,2016-02-16,154.0
412,2016-02-17,154.0
413,2016-02-18,154.0
414,2016-02-19,154.0
415,2016-02-20,154.0
416,2016-02-21,154.0
417,2016-02-22,154.0
418,2016-02-23,154.0
419,2016-02-24,154.0
420,2016-02-25,154.0
421,2016-02-26,154.0
422,2016-02-27,154.0
423,2016-02-28,154.0
424,2016-02-29,154.0
425,2016-03-01,154.0
426,2016-03-02,154.0
427,2016-03-03,154.0
428,2016-03-04,154.0
429,2016-03-05,154.0
430,2016-03-06,154.0
431,2016-03-07,154.0
432,2016-03-08,154.0
433,2016-03-09,154.0
434,2016-03-10,154.0
435,2016-03-11,154.0
436,2016-03-12,154.0
437,2016-03-13,154.0
438,2016-03-14,154.0
439,2016-03-15,154.0
440,2016-03-16,154.0
441,2016-03-17,154.0
442,2016-03-18,154.0
443,2016-03-19,154.0
444,2016-03-20,154.0
445,2016-03-21,154.0
446,2016-03-22,154.0
447,2016-03-23,154.0
448,2016-03-24,154.0
449,2016-03-25,154.0
450,2016-03-26,154.0
451,2016-03-27,154.0
452,2016-03-28,154.0
453,2016-03-29,154.0
454,2016-03-30,154.0
455,2016-03-31,154.0
456,2016-04-01,154.0
457,2016-04-02,154.0
458,2016-04-03,154.0
459,2016-04-04,154.0
460,2016-04-05,154.0
461,2016-04-06,154.0
462,2016-04-07,154.0
463,2016-04-08,154.0
464,2016-04-09,154.0
465,2016-04-10,154.0
466,2016-04-11,154.0
467,2016-04-12,154.0
468,2016-04-13,154.0
469,2016-04-14,154.0
470,2016-04-15,154.0
471,2016-04-16,154.0
472,2016-04-17,154.0
473,2016-04-18,154.0
474,2016-04-19,154.0
475,2016-04-20,154.0
476,2016-04-21,154.0
477,2016-04-22,154.0
478,2016-04-23,154.0
479,2016-04-24,154.0
480,2016-04-25,154.0
481,2016-04-26,154.0
482,2016-04-27,154.0
483,2016-04-28,154.0
484,2016-04-29,154.0
485,2016-04-30,154.0
486,2016-05-01,154.0
487,2016-05-02,154.0
488,2016-05-03,154.0
489,2016-05-04,154.0
490,2016-05-05,154.0
491,2016-05-06,154.0
492,2016-05-07,154.0
493,2016-05-08,154.0
494,2016-05-09,154.0
495,2016-05-10,154.0
496,2016-05-11,154.0
497,2016-05-12,154.0
498,2016-05-13,154.0
499,2016-05-14,154.0
500,2016-05-15,154.0
501,2016-05-16,154.0
502,2016-05-17,154.0
503,2016-05-18,154.0
504,2016-05-19,154.0
505,2016-05-20,154.0
506,2016-05-21,154.0
507,2016-05-22,154.0
508,2016-05-23,154.0
509,2016-05-24,154.0
510,2016-05-25,154.0
511,2016-05-26,154.0
512,2016-05-27,154.0
513,2016-05-28,154.0
514,2016-05-29,154.0
515,2016-05-30,154.0
516,2016-05-31,154.0
517,2016-06-01,154.0
518,2016-06-02,154.0
519,2016-06-03,154.0
520,2016-06-04,154.0
521,2016-06-05,154.0
522,2016-06-06,154.0
523,2016-06-07,154.0
524,2016-06-08,154.0
525,2016-06-09,154.0
526,2016-06-10,154.0
527,2016-06-11,154.0
528,2016-06-12,154.0
529,2016-06-13,154.0
530,2016-06-14,154.0
531,2016-06-15,154.0
532,2016-06-16,154.0
533,2016-06-17,154.0
534,2016-06-18,154.0
535,2016-06-19,154.0
536,2016-06-20,154.0
537,2016-06-21,154.0
538,2016-06-22,154.0
539,2016-06-23,154.0
540,2016-06-24,154.0
541,2016-06-25,154.0
542,2016-06-26,154.0
543,2016-06-27,154.0
544,2016-06-28,154.0
545,2016-06-29,154.0
546,2016-06-30,154.0
547,2016-07-01,154.0
548,2016-07-02,154.0
549,2016-07-03,154.0
550,2016-07-04,154.0
551,2016-07-05,154.0
552,2016-07-06,154.0
553,2016-07-07,154.0
554,2016-07-08,154.0
555,2016-07-09,154.0
556,2016-07-10,154.0
557,2016-07-11,154.0
558,2016-07-12,154.0
559,2016-07-13,154.0
560,2016-07-14,154.0
561,2016-07-15,154.0
562,2016-07-16,154.0
563,2016-07-17,154.0
564,2016-07-18,154.0
565,2016-07-19,154.0
566,2016-07-20,154.0
567,2016-07-21,154.0
568,2016-07-22,154.0
569,2016-07-23,154.0
570,2016-07-24,154.0
571,2016-07-25,154.0
572,2016-07-26,154.0
573,2016-07-27,154.0
574,2016-07-28,154.0
575,2016-07-29,154.0
576,2016-07-30,154.0
577,2016-07-31,154.0
578,2016-08-01,154.0
579,2016-08-02,154.0
580,2016-08-03,154.0
581,2016-08-04,154.0
582,2016-08-05,154.0
583,2016-08-06,154.0
584,2016-08-07,154.0
585,2016-08-08,154.0
586,2016-08-09,154.0
587,2016-08-10,154.0
588,2016-08-11,154.0
589,2016-08-12,154.0
590,2016-08-13,154.0
591,2016-08-14,154.0
592,2016-08-15,154.0
593,2016-08-16,154.0
594,2016-08-17,154.0
595,2016-08-18,154.0
596,2016-08-19,154.0
597,2016-08-20,154.0
598,2016-08-21,154.0
599,2016-08-22,154.0
600,2016-08-23,154.0
601,2016-08-24,154.0
602,2016-08-25,154.0
603,2016-08-26,154.0
604,2016-08-27,154.0
605,2016-08-28,154.0
606,2016-08-29,154.0
607,2016-08-30,154.0
608,2016-08-31,154.0
609,2016-09-01,154.0
610,2016-09-02,154.0
611,2016-09-03,154.0
612,2016-09-04,154.0
613,2016-09-05,154.0
614,2016-09-06,154.0
615,2016-09-07,154.0
616,2016-09-08,154.0
617,2016-09-09,154.0
618,2016-09-10,154.0
619,2016-09-11,154.0
620,2016-09-12,154.0
621,2016-09-13,154.0
622,2016-09-14,154.0
623,2016-09-15,154.0
624,2016-09-16,154.0
625,2016-09-17,154.0
626,2016-09-18,154.0
627,2016-09-19,154.0
628,2016-09-20,154.0
629,2016-09-21,154.0
630,2016-09-22,154.0
631,2016-09-23,154.0
632,2016-09-24,154.0
633,2016-09-25,154.0
634,2016-09-26,154.0
635,2016-09-27,154.0
636,2016-09-28,154.0
637,2016-09-29,154.0
638,2016-09-30,154.0
639,2016-10-01,154.0
640,2016-10-02,154.0
641,2016-10-03,154.0
642,2016-10-04,154.0
643,2016-10-05,154.0
644,2016-10-06,154.0
645,2016-10-07,154.0
646,2016-10-08,154.0
647,2016-10-09,154.0
648,2016-10-10,154.0
649,2016-10-11,154.0
650,2016-10-12,154.0
651,2016-10-13,154.0
652,2016-10-14,154.0
653,2016-10-15,154.0
654,2016-10-16,154.0
655,2016-10-17,154.0
656,2016-10-18,154.0
657,2016-10-19,154.0
658,2016-10-20,154.0
659,2016-10-21,154.0
660,2016-10-22,154.0
661,2016-10-23,154.0
662,2016-10-24,154.0
663,2016-10-25,154.0
664,2016-10-26,154.0
665,2016-10-27,154.0
666,2016-10-28,154.0
667,2016-10-29,154.0
668,2016-10-30,154.0
669,2016-10-31,154.0
670,2016-11-01,154.0
671,2016-11-02,154.0
672,2016-11-03,154.0
673,2016-11-04,154.0
674,2016-11-05,154.0
675,2016-11-06,154.0
676,2016-11-07,154.0
677,2016-11-08,154.0
678,2016-11-09,154.0
679,2016-11-10,154.0
680,2016-11-11,154.0
681,2016-11-12,154.0
682,2016-11-13,154.0
683,2016-11-14,154.0
684,2016-11-15,154.0
685,2016-11-16,154.0
686,2016-11-17,154.0
687,2016-11-18,154.0
688,2016-11-19,154.0
689,2016-11-20,154.0
690,2016-11-21,154.0
691,2016-11-22,154.0
692,2016-11-23,154.0
693,2016-11-24,154.0
694,2016-11-25,154.0
695,2016-11-26,154.0
696,2016-11-27,154.0
697,2016-11-28,154.0
698,2016-11-29,154.0
699,2016-11-30,154.0
700,2016-12-01,154.0
701,2016-12-02,154.0
702,2016-12-03,154.0
703,2016-12-04,154.0
704,2016-12-05,154.0
705,2016-12-06,154.0
706,2016-12-07,154.0
707,2016-12-08,154.0
708,2016-12-09,154.0
709,2016-12-10,154.0
710,2016-12-11,154.0
711,2016-12-12,154.0
712,2016-12-13,154.0
713,2016-12-14,154.0
714,2016-12-15,154.0
715,2016-12-16,154.0
716,2016-12-17,154.0
717,2016-12-18,154.0
718,2016-12-19,154.0
719,2016-12-20,154.0
720,2016-12-21,154.0
721,2016-12-22,154.0
722,2016-12-23,154.0
723,2016-12-24,154.0
724,2016-12-25,154.0
725,2016-12-26,154.0
726,2016-12-27,154.0
727,2016-12-28,154.0
728,2016-12-29,154.0
729,2016-12-30,154.0
730,2016-12-31,154.0
731,2017-01-01,154.0
732,2017-01-02,154.0
733,2017-01-03,154.0
734,2017-01-04,154.0
735,2017-01-05,154.0
736,2017-01-06,154.0
737,2017-01-07,154.0
738,2017-01-08,154.0
739,2017-01-09,154.0
740,2017-01-10,154.0
741,2017-01-11,154.0
742,2017-01-12,154.0
743,2017-01-13,154.0
744,2017-01-14,154.0
745,2017-01-15,154.0
746,2017-01-16,154.0
747,2017-01-17,154.0
748,2017-01-18,154.0
749,2017-01-19,154.0
750,2017-01-20,154.0
751,2017-01-21,154.0
752,2017-01-22,154.0
753,2017-01-23,154.0
754,2017-01-24,154.0
755,2017-01-25,154.0
756,2017-01-26,154.0
757,2017-01-27,154.0
758,2017-01-28,154.0
759,2017-01-29,154.0
760,2017-01-30,154.0
761,2017-01-31,154.0
762,2017-02-01,154.0
763,2017-02-02,154.0
764,2017-02-03,154.0
765,2017-02-04,154.0
766,2017-02-05,154.0
767,2017-02-06,154.0
768,2017-02-07,154.0
769,2017-02-08,154.0
770,2017-02-09,154.0
771,2017-02-10,154.0
772,2017-02-11,154.0
773,2017-02-12,154.0
774,2017-02-13,154.0
775,2017-02-14,154.0
776,2017-02-15,154.0
777,2017-02-16,154.0
778,2017-02-17,154.0
779,2017-02-18,154.0
780,2017-02-19,154.0
781,2017-02-20,154.0
782,2017-02-21,154.0
783,2017-02-22,154.0
784,2017-02-23,154.0
785,2017-02-24,154.0
786,2017-02-25,154.0
787,2017-02-26,154.0
788,2017-02-27,154.0
789,2017-02-28,154.0
790,2017-03-01,154.0
791,2017-03-02,154.0
792,2017-03-03,154.0
793,2017-03-04,154.0
794,2017-03-05,154.0
795,2017-03-06,154.0
796,2017-03-07,154.0
797,2017-03-08,154.0
798,2017-03-09,154.0
799,2017-03-10,154.0
800,2017-03-11,154.0
801,2017-03-12,154.0
802,2017-03-13,154.0
803,2017-03-14,154.0
804,2017-03-15,154.0
805,2017-03-16,154.0
806,2017-03-17,154.0
807,2017-03-18,154.0
808,2017-03-19,154.0
809,2017-03-20,154.0
810,2017-03-21,154.0
811,2017-03-22,154.0
812,2017-03-23,154.0
813,2017-03-24,154.0
814,2017-03-25,154.0
815,2017-03-26,154.0
816,2017-03-27,154.0
817,2017-03-28,154.0
818,2017-03-29,154.0
819,2017-03-30,154.0
820,2017-03-31,154.0
821,2017-04-01,154.0
822,2017-04-02,154.0
823,2017-04-03,154.0
824,2017-04-04,154.0
825,2017-04-05,154.0
826,2017-04-06,154.0
827,2017-04-07,154.0
828,2017-04-08,154.0
829,2017-04-09,154.0
830,2017-04-10,154.0
831,2017-04-11,154.0
832,2017-04-12,154.0
833,2017-04-13,154.0
834,2017-04-14,154.0
835,2017-04-15,154.0
836,2017-04-16,154.0
837,2017-04-17,154.0
838,2017-04-18,154.0
839,2017-04-19,154.0
840,2017-04-20,154.0
841,2017-04-21,154.0
842,2017-04-22,154.0
843,2017-04-23,154.0
844,2017-04-24,154.0
845,2017-04-25,154.0
846,2017-04-26,154.0
847,2017-04-27,154.0
848,2017-04-28,154.0
849,2017-04-29,154.0
850,2017-04-30,154.0
851,2017-05-01,154.0
852,2017-05-02,154.0
853,2017-05-03,154.0
854,2017-05-04,154.0
855,2017-05-05,154.0
856,2017-05-06,154.0
857,2017-05-07,154.0
858,2017-05-08,154.0
859,2017-05-09,154.0
860,2017-05-10,154.0
861,2017-05-11,154.0
862,2017-05-12,154.0
863,2017-05-13,154.0
864,2017-05-14,154.0
865,2017-05-15,154.0
866,2017-05-16,154.0
867,2017-05-17,154.0
868,2017-05-18,154.0
869,2017-05-19,154.0
870,2017-05-20,154.0
871,2017-05-21,154.0
872,2017-05-22,154.0
873,2017-05-23,154.0
874,2017-05-24,154.0
875,2017-05-25,154.0
876,2017-05-26,154.0
877,2017-05-27,154.0
878,2017-05-28,154.0
879,2017-05-29,154.0
880,2017-05-30,154.0
881,2017-05-31,154.0
882,2017-06-01,154.0
883,2017-06-02,154.0
884,2017-06-03,154.0
885,2017-06-04,154.0
886,2017-06-05,154.0
887,2017-06-06,154.0
888,2017-06-07,154.0
889,2017-06-08,154.0
890,2017-06-09,154.0
891,2017-06-10,154.0
892,2017-06-11,154.0
893,2017-06-12,154.0
894,2017-06-13,154.0
895,2017-06-14,154.0
896,2017-06-15,154.0
897,2017-06-16,154.0
898,2017-06-17,154.0
899,2017-06-18,154.0
900,2017-06-19,154.0
901,2017-06-20,154.0
902,2017-06-21,154.0
903,2017-06-22,154.0
904,2017-06-23,154.0
905,2017-06-24,154.0
906,2017-06-25,154.0
907,2017-06-26,154.0
908,2017-06-27,154.0
909,2017-06-28,154.0
910,2017-06-29,154.0
911,2017-06-30,154.0
912,2017-07-01,154.0
913,2017-07-02,154.0
914,2017-07-03,154.0
915,2017-07-04,154.0
916,2017-07-05,154.0
917,2017-07-06,154.0
918,2017-07-07,154.0
919,2017-07-08,154.0
920,2017-07-09,154.0
921,2017-07-10,154.0
922,2017-07-11,154.0
923,2017-07-12,154.0
924,2017-07-13,154.0
925,2017-07-14,154.0
926,2017-07-15,154.0
927,2017-07-16,154.0
928,2017-07-17,154.0
929,2017-07-18,154.0
930,2017-07-19,154.0
931,2017-07-20,154.0
932,2017-07-21,154.0
933,2017-07-22,154.0
934,2017-07-23,154.0
935,2017-07-24,154.0
936,2017-07-25,154.0
937,2017-07-26,154.0
938,2017-07-27,154.0
939,2017-07-28,154.0
940,2017-07-29,154.0
941,2017-07-30,154.0
942,2017-07-31,154.0
943,2017-08-01,154.0
944,2017-08-02,154.0
945,2017-08-03,154.0
946,2017-08-04,154.0
947,2017-08-05,154.0
948,2017-08-06,154.0
949,2017-08-07,154.0
950,2017-08-08,154.0
951,2017-08-09,154.0
952,2017-08-10,154.0
953,2017-08-11,154.0
954,2017-08-12,154.0
955,2017-08-13,154.0
956,2017-08-14,154.0
957,2017-08-15,154.0
958,2017-08-16,154.0
959,2017-08-17,154.0
960,2017-08-18,154.0
961,2017-08-19,154.0
962,2017-08-20,154.0
963,2017-08-21,154.0
964,2017-08-22,154.0
965,2017-08-23,154.0
966,2017-08-24,154.0
967,2017-08-25,154.0
968,2017-08-26,154.0
969,2017-08-27,154.0
970,2017-08-28,154.0
971,2017-08-29,154.0
972,2017-08-30,154.0
973,2017-08-31,154.0
974,2017-09-01,154.0
975,2017-09-02,154.0
976,2017-09-03,154.0
977,2017-09-04,154.0
978,2017-09-05,154.0
979,2017-09-06,154.0
980,2017-09-07,154.0
981,2017-09-08,154.0
982,2017-09-09,154.0
983,2017-09-10,154.0
984,2017-09-11,154.0
985,2017-09-12,154.0
986,2017-09-13,154.0
987,2017-09-14,154.0
988,2017-09-15,154.0
989,2017-09-16,154.0
990,2017-09-17,154.0
991,2017-09-18,154.0
992,2017-09-19,154.0
993,2017-09-20,154.0
994,2017-09-21,154.0
995,2017-09-22,154.0
996,2017-09-23,154.0
997,2017-09-24,154.0
998,2017-09-25,154.0
999,2017-09-26,154.0
1000,2017-09-27,154.0
1001,2017-09-28,154.0
1002,2017-09-29,154.0
1003,2017-09-30,154.0
1004,2017-10-01,154.0
1005,2017-10-02,154.0
1006,2017-10-03,154.0
1007,2017-10-04,154.0
1008,2017-10-05,154.0
1009,2017-10-06,154.0
1010,2017-10-07,154.0
1011,2017-10-08,154.0
1012,2017-10-09,154.0
1013,2017-10-10,154.0
1014,2017-10-11,154.0
1015,2017-10-12,154.0
1016,2017-10-13,154.0
1017,2017-10-14,154.0
1018,2017-10-15,154.0
1019,2017-10-16,154.0
1020,2017-10-17,154.0
1021,2017-10-18,154.0
1022,2017-10-19,154.0
1023,2017-10-20,154.0
1024,2017-10-21,154.0
1025,2017-10-22,154.0
1026,2017-10-23,154.0
1027,2017-10-24,154.0
1028,2017-10-25,154.0
1029,2017-10-26,154.0
1030,2017-10-27,154.0
1031,2017-10-28,154.0
1032,2017-10-29,154.0
1033,2017-10-30,154.0
1034,2017-10-31,154.0
1035,2017-11-01,154.0
1036,2017-11-02,154.0
1037,2017-11-03,154.0
1038,2017-11-04,154.0
1039,2017-11-05,154.0
1040,2017-11-06,154.0
1041,2017-11-07,154.0
1042,2017-11-08,154.0
1043,2017-11-09,154.0
1044,2017-11-10,154.0
1045,2017-11-11,154.0
1046,2017-11-12,154.0
1047,2017-11-13,154.0
1048,2017-11-14,154.0
1049,2017-11-15,154.0
1050,2017-11-16,154.0
1051,2017-11-17,154.0
1052,2017-11-18,154.0
1053,2017-11-19,154.0
1054,2017-11-20,154.0
1055,2017-11-21,154.0
1056,2017-11-22,154.0
1057,2017-11-23,154.0
1058,2017-11-24,154.0
1059,2017-11-25,154.0
1060,2017-11-26,154.0
1061,2017-11-27,154.0
1062,2017-11-28,154.0
1063,2017-11-29,154.0
1064,2017-11-30,154.0
1065,2017-12-01,154.0
1066,2017-12-02,154.0
1067,2017-12-03,154.0
1068,2017-12-04,154.0
1069,2017-12-05,154.0
1070,2017-12-06,154.0
1071,2017-12-07,154.0
1072,2017-12-08,154.0
1073,2017-12-09,154.0
1074,2017-12-10,154.0
1075,2017-12-11,154.0
1076,2017-12-12,154.0
1077,2017-12-13,154.0
1078,2017-12-14,154.0
1079,2017-12-15,154.0
1080,2017-12-16,154.0
1081,2017-12-17,154.0
1082,2017-12-18,154.0
1083,2017-12-19,154.0
1084,2017-12-20,154.0
1085,2017-12-21,154.0
1086,2017-12-22,154.0
1087,2017-12-23,154.0
1088,2017-12-24,154.0
1089,2017-12-25,154.0
1090,2017-12-26,154.0
1091,2017-12-27,154.0
1092,2017-12-28,154.0
1093,2017-12-29,154.0
1094,2017-12-30,154.0
1095,2017-12-31,154.0
1096,2018-01-01,154.0
1097,2018-01-02,154.0
1098,2018-01-03,154.0
1099,2018-01-04,154.0
1100,2018-01-05,154.0
1101,2018-01-06,154.0
1102,2018-01-07,154.0
1103,2018-01-08,154.0
1104,2018-01-09,154.0
1105,2018-01-10,154.0
1106,2018-01-11,154.0
1107,2018-01-12,154.0
1108,2018-01-13,154.0
1109,2018-01-14,154.0
1110,2018-01-15,154.0
1111,2018-01-16,154.0
1112,2018-01-17,154.0
1113,2018-01-18,154.0
1114,2018-01-19,154.0
1115,2018-01-20,154.0
1116,2018-01-21,154.0
1117,2018-01-22,154.0
1118,2018-01-23,154.0
1119,2018-01-24,154.0
1120,2018-01-25,154.0
1121,2018-01-26,154.0
1122,2018-01-27,154.0
1123,2018-01-28,154.0
1124,2018-01-29,154.0
1125,2018-01-30,154.0
1126,2018-01-31,154.0
1127,2018-02-01,154.0
1128,2018-02-02,154.0
1129,2018-02-03,154.0
1130,2018-02-04,154.0
1131,2018-02-05,154.0
1132,2018-02-06,154.0
1133,2018-02-07,154.0
1134,2018-02-08,154.0
1135,2018-02-09,154.0
1136,2018-02-10,154.0
1137,2018-02-11,154.0
1138,2018-02-12,154.0
1139,2018-02-13,154.0
1140,2018-02-14,154.0
1141,2018-02-15,154.0
1142,2018-02-16,154.0
1143,2018-02-17,154.0
1144,2018-02-18,154.0
1145,2018-02-19,154.0
1146,2018-02-20,154.0
1147,2018-02-21,154.0
1148,2018-02-22,154.0
1149,2018-02-23,154.0
1150,2018-02-24,154.0
1151,2018-02-25,154.0
1152,2018-02-26,154.0
1153,2018-02-27,154.0
1154,2018-02-28,154.0
1155,2018-03-01,154.0
1156,2018-03-02,154.0
1157,2018-03-03,154.0
1158,2018-03-04,154.0
1159,2018-03-05,154.0
1160,2018-03-06,154.0
1161,2018-03-07,154.0
1162,2018-03-08,154.0
1163,2018-03-09,154.0
1164,2018-03-10,154.0
1165,2018-03-11,154.0
1166,2018-03-12,154.0
1167,2018-03-13,154.0
1168,2018-03-14,154.0
1169,2018-03-15,154.0
1170,2018-03-16,154.0
1171,2018-03-17,154.0
1172,2018-03-18,154.0
1173,2018-03-19,154.0
1174,2018-03-20,154.0
1175,2018-03-21,154.0
1176,2018-03-22,154.0
1177,2018-03-23,154.0
1178,2018-03-24,154.0
1179,2018-03-25,154.0
1180,2018-03-26,154.0
1181,2018-03-27,154.0
1182,2018-03-28,154.0
1183,2018-03-29,154.0
1184,2018-03-30,154.0
1185,2018-03-31,154.0
1186,2018-04-01,154.0
1187,2018-04-02,154.0
1188,2018-04-03,154.0
1189,2018-04-04,154.0
1190,2018-04-05,154.0
1191,2018-04-06,154.0
1192,2018-04-07,154.0
1193,2018-04-08,154.0
1194,2018-04-09,154.0
1195,2018-04-10,154.0
1196,2018-04-11,154.0
1197,2018-04-12,154.0
1198,2018-04-13,154.0
1199,2018-04-14,154.0
1200,2018-04-15,154.0
1201,2018-04-16,154.0
1202,2018-04-17,154.0
1203,2018-04-18,154.0
1204,2018-04-19,154.0
1205,2018-04-20,154.0
1206,2018-04-21,154.0
1207,2018-04-22,154.0
1208,2018-04-23,154.0
1209,2018-04-24,154.0
1210,2018-04-25,154.0
1211,2018-04-26,154.0
1212,2018-04-27,154.0
1213,2018-04-28,154.0
1214,2018-04-29,154.0
1215,2018-04-30,154.0
1216,2018-05-01,154.0
1217,2018-05-02,154.0
1218,2018-05-03,154.0
1219,2018-05-04,154.0
1220,2018-05-05,154.0
1221,2018-05-06,154.0
1222,2018-05-07,154.0
1223,2018-05-08,154.0
1224,2018-05-09,154.0
1225,2018-05-10,154.0
1226,2018-05-11,154.0
1227,2018-05-12,154.0
1228,2018-05-13,154.0
1229,2018-05-14,154.0
1230,2018-05-15,154.0
1231,2018-05-16,154.0
1232,2018-05-17,154.0
1233,2018-05-18,154.0
1234,2018-05-19,154.0
1235,2018-05-20,154.0
1236,2018-05-21,154.0
1237,2018-05-22,154.0
1238,2018-05-23,154.0
1239,2018-05-24,154.0
1240,2018-05-25,154.0
1241,2018-05-26,154.0
1242,2018-05-27,154.0
1243,2018-05-28,154.0
1244,2018-05-29,154.0
1245,2018-05-30,154.0
1246,2018-05-31,154.0
1247,2018-06-01,154.0
1248,2018-06-02,154.0
1249,2018-06-03,154.0
1250,2018-06-04,154.0
1251,2018-06-05,154.0
1252,2018-06-06,154.0
1253,2018-06-07,154.0
1254,2018-06-08,154.0
1255,2018-06-09,154.0
1256,2018-06-10,154.0
1257,2018-06-11,154.0
1258,2018-06-12,154.0
1259,2018-06-13,154.0
1260,2018-06-14,154.0
1261,2018-06-15,154.0
1262,2018-06-16,154.0
1263,2018-06-17,154.0
1264,2018-06-18,154.0
1265,2018-06-19,154.0
1266,2018-06-20,154.0
1267,2018-06-21,154.0
1268,2018-06-22,154.0
1269,2018-06-23,154.0
1270,2018-06-24,154.0
1271,2018-06-25,154.0
1272,2018-06-26,154.0
1273,2018-06-27,154.0
1274,2018-06-28,154.0
1275,2018-06-29,154.0
1276,2018-06-30,154.0
1277,2018-07-01,154.0
1278,2018-07-02,154.0
1279,2018-07-03,154.0
1280,2018-07-04,154.0
1281,2018-07-05,154.0
1282,2018-07-06,154.0
1283,2018-07-07,154.0
1284,2018-07-08,154.0
1285,2018-07-09,154.0
1286,2018-07-10,154.0
1287,2018-07-11,154.0
1288,2018-07-12,154.0
1289,2018-07-13,154.0
1290,2018-07-14,154.0
1291,2018-07-15,154.0
1292,2018-07-16,154.0
1293,2018-07-17,154.0
1294,2018-07-18,154.0
1295,2018-07-19,154.0
1296,2018-07-20,154.0
1297,2018-07-21,154.0
1298,2018-07-22,154.0
1299,2018-07-23,154.0
1300,2018-07-24,154.0
1301,2018-07-25,154.0
1302,2018-07-26,154.0
1303,2018-07-27,154.0
1304,2018-07-28,154.0
1305,2018-07-29,154.0
1306,2018-07-30,154.0
1307,2018-07-31,154.0
1308,2018-08-01,154.0
1309,2018-08-02,154.0
1310,2018-08-03,154.0
1311,2018-08-04,154.0
1312,2018-08-05,154.0
1313,2018-08-06,154.0
1314,2018-08-07,154.0
1315,2018-08-08,154.0
1316,2018-08-09,154.0
1317,2018-08-10,154.0
1318,2018-08-11,154.0
1319,2018-08-12,154.0
1320,2018-08-13,154.0
1321,2018-08-14,154.0
1322,2018-08-15,154.0
1323,2018-08-16,154.0
1324,2018-08-17,154.0
1325,2018-08-18,154.0
1326,2018-08-19,154.0
1327,2018-08-20,154.0
1328,2018-08-21,154.0
1329,2018-08-22,154.0
1330,2018-08-23,154.0
1331,2018-08-24,154.0
1332,2018-08-25,154.0
1333,2018-08-26,154.0
1334,2018-08-27,154.0
1335,2018-08-28,154.0
1336,2018-08-29,154.0
1337,2018-08-30,154.0
1338,2018-08-31,154.0
1339,2018-09-01,154.0
1340,2018-09-02,154.0
1341,2018-09-03,154.0
1342,2018-09-04,154.0
1343,2018-09-05,154.0
1344,2018-09-06,154.0
1345,2018-09-07,154.0
1346,2018-09-08,154.0
1347,2018-09-09,154.0
1348,2018-09-10,154.0
1349,2018-09-11,154.0
1350,2018-09-12,154.0
1351,2018-09-13,154.0
1352,2018-09-14,154.0
1353,2018-09-15,154.0
1354,2018-09-16,154.0
1355,2018-09-17,154.0
1356,2018-09-18,154.0
1357,2018-09-19,154.0
1358,2018-09-20,154.0
1359,2018-09-21,154.0
1360,2018-09-22,154.0
1361,2018-09-23,154.0
1362,2018-09-24,154.0
1363,2018-09-25,154.0
1364,2018-09-26,154.0
1365,2018-09-27,154.0
1366,2018-09-28,154.0
1367,2018-09-29,154.0
1368,2018-09-30,154.0
1369,2018-10-01,154.0
1370,2018-10-02,154.0
1371,2018-10-03,154.0
1372,2018-10-04,154.0
1373,2018-10-05,154.0
1374,2018-10-06,154.0
1375,2018-10-07,154.0
1376,2018-10-08,154.0
1377,2018-10-09,154.0
1378,2018-10-10,154.0
1379,2018-10-11,154.0
1380,2018-10-12,154.0
1381,2018-10-13,154.0
1382,2018-10-14,154.0
1383,2018-10-15,154.0
1384,2018-10-16,154.0
1385,2018-10-17,154.0
1386,2018-10-18,154.0
1387,2018-10-19,154.0
1388,2018-10-20,154.0
1389,2018-10-21,154.0
1390,2018-10-22,154.0
1391,2018-10-23,154.0
1392,2018-10-24,154.0
1393,2018-10-25,154.0
1394,2018-10-26,154.0
1395,2018-10-27,154.0
1396,2018-10-28,154.0
1397,2018-10-29,154.0
1398,2018-10-30,154.0
1399,2018-10-31,154.0
1400,2018-11-01,154.0
1401,2018-11-02,154.0
1402,2018-11-03,154.0
1403,2018-11-04,154.0
1404,2018-11-05,154.0
1405,2018-11-06,154.0
1406,2018-11-07,154.0
1407,2018-11-08,154.0
1408,2018-11-09,154.0
1409,2018-11-10,154.0
1410,2018-11-11,154.0
1411,2018-11-12,154.0
1412,2018-11-13,154.0
1413,2018-11-14,154.0
1414,2018-11-15,154.0
1415,2018-11-16,154.0
1416,2018-11-17,154.0
1417,2018-11-18,154.0
1418,2018-11-19,154.0
1419,2018-11-20,154.0
1420,2018-11-21,154.0
1421,2018-11-22,154.0
1422,2018-11-23,154.0
1423,2018-11-24,154.0
1424,2018-11-25,154.0
1425,2018-11-26,154.0
1426,2018-11-27,154.0
1427,2018-11-28,154.0
1428,2018-11-29,154.0
1429,2018-11-30,154.0
1430,2018-12-01,154.0
1431,2018-12-02,154.0
1432,2018-12-03,154.0
1433,2018-12-04,154.0
1434,2018-12-05,154.0
1435,2018-12-06,154.0
1436,2018-12-07,154.0
1437,2018-12-08,154.0
1438,2018-12-09,154.0
1439,2018-12-10,154.0
1440,2018-12-11,154.0
1441,2018-12-12,154.0
1442,2018-12-13,154.0
1443,2018-12-14,154.0
1444,2018-12-15,154.0
1445,2018-12-16,154.0
1446,2018-12-17,154.0
1447,2018-12-18,154.0
1448,2018-12-19,154.0
1449,2018-12-20,154.0
1450,2018-12-21,154.0
1451,2018-12-22,154.0
1452,2018-12-23,154.0
1453,2018-12-24,154.0
1454,2018-12-25,154.0
1455,2018-12-26,154.0
1456,2018-12-27,154.0
1457,2018-12-28,154.0
1458,2018-12-29,154.0
1459,2018-12-30,154.0
1460,2018-12-31,154.0
1461,2019-01-01,154.0
1462,2019-01-02,154.0
1463,2019-01-03,154.0
1464,2019-01-04,154.0
1465,2019-01-05,154.0
1466,2019-01-06,154.0
1467,2019-01-07,154.0
1468,2019-01-08,154.0
1469,2019-01-09,154.0
1470,2019-01-10,154.0
1471,2019-01-11,154.0
1472,2019-01-12,154.0
1473,2019-01-13,154.0
1474,2019-01-14,154.0
1475,2019-01-15,154.0
1476,2019-01-16,154.0
1477,2019-01-17,154.0
1478,2019-01-18,154.0
1479,2019-01-19,154.0
1480,2019-01-20,154.0
1481,2019-01-21,154.0
1482,2019-01-22,154.0
1483,2019-01-23,154.0
1484,2019-01-24,154.0
1485,2019-01-25,154.0
1486,2019-01-26,154.0
1487,2019-01-27,154.0
1488,2019-01-28,154.0
1489,2019-01-29,154.0
1490,2019-01-30,154.0
1491,2019-01-31,154.0
1492,2019-02-01,154.0
1493,2019-02-02,154.0
1494,2019-02-03,154.0
1495,2019-02-04,154.0
1496,2019-02-05,154.0
1497,2019-02-06,154.0
1498,2019-02-07,154.0
1499,2019-02-08,154.0
1500,2019-02-09,154.0
1501,2019-02-10,154.0
1502,2019-02-11,154.0
1503,2019-02-12,154.0
1504,2019-02-13,154.0
1505,2019-02-14,154.0
1506,2019-02-15,154.0
1507,2019-02-16,154.0
1508,2019-02-17,154.0
1509,2019-02-18,154.0
1510,2019-02-19,154.0
1511,2019-02-20,154.0
1512,2019-02-21,154.0
1513,2019-02-22,154.0
1514,2019-02-23,154.0
1515,2019-02-24,154.0
1516,2019-02-25,154.0
1517,2019-02-26,154.0
1518,2019-02-27,154.0
1519,2019-02-28,154.0
1520,2019-03-01,154.0
1521,2019-03-02,154.0
1522,2019-03-03,154.0
1523,2019-03-04,154.0
1524,2019-03-05,154.0
1525,2019-03-06,154.0
1526,2019-03-07,154.0
1527,2019-03-08,154.0
1528,2019-03-09,154.0
1529,2019-03-10,154.0
1530,2019-03-11,154.0
1531,2019-03-12,154.0
1532,2019-03-13,154.0
1533,2019-03-14,154.0
1534,2019-03-15,154.0
1535,2019-03-16,154.0
1536,2019-03-17,154.0
1537,2019-03-18,154.0
1538,2019-03-19,154.0
1539,2019-03-20,154.0
1540,2019-03-21,154.0
1541,2019-03-22,154.0
1542,2019-03-23,154.0
1543,2019-03-24,154.0
1544,2019-03-25,154.0
1545,2019-03-26,154.0
1546,2019-03-27,154.0
1547,2019-03-28,154.0
1548,2019-03-29,154.0
1549,2019-03-30,154.0
1550,2019-03-31,154.0
1551,2019-04-01,154.0
1552,2019-04-02,154.0
1553,2019-04-03,154.0
1554,2019-04-04,154.0
1555,2019-04-05,154.0
1556,2019-04-06,154.0
1557,2019-04-07,154.0
1558,2019-04-08,154.0
1559,2019-04-09,154.0
1560,2019-04-10,154.0
1561,2019-04-11,154.0
1562,2019-04-12,154.0
1563,2019-04-13,154.0
1564,2019-04-14,154.0
1565,2019-04-15,154.0
1566,2019-04-16,154.0
1567,2019-04-17,154.0
1568,2019-04-18,154.0
1569,2019-04-19,154.0
1570,2019-04-20,154.0
1571,2019-04-21,154.0
1572,2019-04-22,154.0
1573,2019-04-23,154.0
1574,2019-04-24,154.0
1575,2019-04-25,154.0
1576,2019-04-26,154.0
1577,2019-04-27,154.0
1578,2019-04-28,154.0
1579,2019-04-29,154.0
1580,2019-04-30,154.0
1581,2019-05-01,154.0
1582,2019-05-02,154.0
1583,2019-05-03,154.0
1584,2019-05-04,154.0
1585,2019-05-05,154.0
1586,2019-05-06,154.0
1587,2019-05-07,154.0
1588,2019-05-08,154.0
1589,2019-05-09,154.0
1590,2019-05-10,154.0
1591,2019-05-11,154.0
1592,2019-05-12,154.0
1593,2019-05-13,154.0
1594,2019-05-14,154.0
1595,2019-05-15,154.0
1596,2019-05-16,154.0
1597,2019-05-17,154.0
1598,2019-05-18,154.0
1599,2019-05-19,154.0
1600,2019-05-20,154.0
1601,2019-05-21,154.0
1602,2019-05-22,154.0
1603,2019-05-23,154.0
1604,2019-05-24,154.0
1605,2019-05-25,154.0
1606,2019-05-26,154.0
1607,2019-05-27,154.0
1608,2019-05-28,154.0
1609,2019-05-29,154.0
1610,2019-05-30,154.0
1611,2019-05-31,154.0
1612,2019-06-01,154.0
1613,2019-06-02,154.0
1614,2019-06-03,154.0
1615,2019-06-04,154.0
1616,2019-06-05,154.0
1617,2019-06-06,154.0
1618,2019-06-07,154.0
1619,2019-06-08,154.0
1620,2019-06-09,154.0
1621,2019-06-10,154.0
1622,2019-06-11,154.0
1623,2019-06-12,154.0
1624,2019-06-13,154.0
1625,2019-06-14,154.0
1626,2019-06-15,154.0
1627,2019-06-16,154.0
1628,2019-06-17,154.0
1629,2019-06-18,154.0
1630,2019-06-19,154.0
1631,2019-06-20,154.0
1632,2019-06-21,154.0
1633,2019-06-22,154.0
1634,2019-06-23,154.0
1635,2019-06-24,154.0
1636,2019-06-25,154.0
1637,2019-06-26,154.0
1638,2019-06-27,154.0
1639,2019-06-28,154.0
1640,2019-06-29,154.0
1641,2019-06-30,154.0
1642,2019-07-01,154.0
1643,2019-07-02,154.0
1644,2019-07-03,154.0
1645,2019-07-04,154.0
1646,2019-07-05,154.0
1647,2019-07-06,154.0
1648,2019-07-07,154.0
1649,2019-07-08,154.0
1650,2019-07-09,154.0
1651,2019-07-10,154.0
1652,2019-07-11,154.0
1653,2019-07-12,154.0
1654,2019-07-13,154.0
1655,2019-07-14,154.0
1656,2019-07-15,154.0
1657,2019-07-16,154.0
1658,2019-07-17,154.0
1659,2019-07-18,154.0
1660,2019-07-19,154.0
1661,2019-07-20,154.0
1662,2019-07-21,154.0
1663,2019-07-22,154.0
1664,2019-07-23,154.0
1665,2019-07-24,154.0
1666,2019-07-25,154.0
1667,2019-07-26,154.0
1668,2019-07-27,154.0
1669,2019-07-28,154.0
1670,2019-07-29,154.0
1671,2019-07-30,154.0
1672,2019-07-31,154.0
1673,2019-08-01,154.0
1674,2019-08-02,154.0
1675,2019-08-03,154.0
1676,2019-08-04,154.0
1677,2019-08-05,154.0
1678,2019-08-06,154.0
1679,2019-08-07,154.0
1680,2019-08-08,154.0
1681,2019-08-09,154.0
1682,2019-08-10,154.0
1683,2019-08-11,154.0
1684,2019-08-12,154.0
1685,2019-08-13,154.0
1686,2019-08-14,154.0
1687,2019-08-15,154.0
1688,2019-08-16,154.0
1689,2019-08-17,154.0
1690,2019-08-18,154.0
1691,2019-08-19,154.0
1692,2019-08-20,154.0
1693,2019-08-21,154.0
1694,2019-08-22,154.0
1695,2019-08-23,154.0
1696,2019-08-24,154.0
1697,2019-08-25,154.0
1698,2019-08-26,154.0
1699,2019-08-27,154.0
1700,2019-08-28,154.0
1701,2019-08-29,154.0
1702,2019-08-30,154.0
1703,2019-08-31,154.0
1704,2019-09-01,154.0
1705,2019-09-02,154.0
1706,2019-09-03,154.0
1707,2019-09-04,154.0
1708,2019-09-05,154.0
1709,2019-09-06,154.0
1710,2019-09-07,154.0
1711,2019-09-08,154.0
1712,2019-09-09,154.0
1713,2019-09-10,154.0
1714,2019-09-11,154.0
1715,2019-09-12,154.0
1716,2019-09-13,154.0
1717,2019-09-14,154.0
1718,2019-09-15,154.0
1719,2019-09-16,154.0
1720,2019-09-17,154.0
1721,2019-09-18,154.0
1722,2019-09-19,154.0
1723,2019-09-20,154.0
1724,2019-09-21,154.0
1725,2019-09-22,154.0
1726,2019-09-23,154.0
1727,2019-09-24,154.0
1728,2019-09-25,154.0
1729,2019-09-26,154.0
1730,2019-09-27,154.0
1731,2019-09-28,154.0
1732,2019-09-29,154.0
1733,2019-09-30,154.0
1734,2019-10-01,154.0
1735,2019-10-02,154.0
1736,2019-10-03,154.0
1737,2019-10-04,154.0
1738,2019-10-05,154.0
1739,2019-10-06,154.0
1740,2019-10-07,154.0
1741,2019-10-08,154.0
1742,2019-10-09,154.0
1743,2019-10-10,154.0
1744,2019-10-11,154.0
1745,2019-10-12,154.0
1746,2019-10-13,154.0
1747,2019-10-14,154.0
1748,2019-10-15,154.0
1749,2019-10-16,154.0
1750,2019-10-17,154.0
1751,2019-10-18,154.0
1752,2019-10-19,154.0
1753,2019-10-20,154.0
1754,2019-10-21,154.0
1755,2019-10-22,154.0
1756,2019-10-23,154.0
1757,2019-10-24,154.0
1758,2019-10-25,154.0
1759,2019-10-26,154.0
1760,2019-10-27,154.0
1761,2019-10-28,154.0
1762,2019-10-29,154.0
1763,2019-10-30,154.0
1764,2019-10-31,154.0
1765,2019-11-01,154.0
1766,2019-11-02,154.0
1767,2019-11-03,154.0
1768,2019-11-04,154.0
1769,2019-11-05,154.0
1770,2019-11-06,154.0
1771,2019-11-07,154.0
1772,2019-11-08,154.0
1773,2019-11-09,154.0
1774,2019-11-10,154.0
1775,2019-11-11,154.0
1776,2019-11-12,154.0
1777,2019-11-13,154.0
1778,2019-11-14,154.0
1779,2019-11-15,154.0
1780,2019-11-16,154.0
1781,2019-11-17,154.0
1782,2019-11-18,154.0
1783,2019-11-19,154.0
1784,2019-11-20,154.0
1785,2019-11-21,154.0
1786,2019-11-22,154.0
1787,2019-11-23,154.0
1788,2019-11-24,154.0
1789,2019-11-25,154.0
1790,2019-11-26,154.0
1791,2019-11-27,154.0
1792,2019-11-28,154.0
1793,2019-11-29,154.0
1794,2019-11-30,154.0
1795,2019-12-01,154.0
1796,2019-12-02,154.0
1797,2019-12-03,154.0
1798,2019-12-04,154.0
1799,2019-12-05,154.0
1800,2019-12-06,154.0
1801,2019-12-07,154.0
1802,2019-12-08,154.0
1803,2019-12-09,154.0
1804,2019-12-10,154.0
1805,2019-12-11,154.0
1806,2019-12-12,154.0
1807,2019-12-13,154.0
1808,2019-12-14,154.0
1809,2019-12-15,154.0
1810,2019-12-16,154.0
1811,2019-12-17,154.0
1812,2019-12-18,154.0
1813,2019-12-19,154.0
1814,2019-12-20,154.0
1815,2019-12-21,154.0
1816,2019-12-22,154.0
1817,2019-12-23,154.0
1818,2019-12-24,154.0
1819,2019-12-25,154.0
1820,2019-12-26,154.0
1821,2019-12-27,154.0
1822,2019-12-28,154.0
1823,2019-12-29,154.0
1824,2019-12-30,154.0
1825,2019-12-31,154.0
1826,2020-01-01,154.0
1827,2020-01-02,154.0
1828,2020-01-03,154.0
1829,2020-01-04,154.0
1830,2020-01-05,154.0
1831,2020-01-06,154.0
1832,2020-01-07,154.0
1833,2020-01-08,154.0
1834,2020-01-09,154.0
1835,2020-01-10,154.0
1836,2020-01-11,154.0
1837,2020-01-12,154.0
1838,2020-01-13,154.0
1839,2020-01-14,154.0
1840,2020-01-15,154.0
1841,2020-01-16,154.0
1842,2020-01-17,154.0
1843,2020-01-18,154.0
1844,2020-01-19,154.0
1845,2020-01-20,154.0
1846,2020-01-21,154.0
1847,2020-01-22,154.0
1848,2020-01-23,154.0
1849,2020-01-24,154.0
1850,2020-01-25,154.0
1851,2020-01-26,154.0
1852,2020-01-27,154.0
1853,2020-01-28,154.0
1854,2020-01-29,154.0
1855,2020-01-30,154.0
1856,2020-01-31,154.0
1857,2020-02-01,154.0
1858,2020-02-02,154.0
1859,2020-02-03,154.0
1860,2020-02-04,154.0
1861,2020-02-05,154.0
1862,2020-02-06,154.0
1863,2020-02-07,154.0
1864,2020-02-08,154.0
1865,2020-02-09,154.0
1866,2020-02-10,154.0
1867,2020-02-11,154.0
1868,2020-02-12,154.0
1869,2020-02-13,154.0
1870,2020-02-14,154.0
1871,2020-02-15,154.0
1872,2020-02-16,154.0
1873,2020-02-17,154.0
1874,2020-02-18,154.0
1875,2020-02-19,154.0
1876,2020-02-20,154.0
1877,2020-02-21,154.0
1878,2020-02-22,154.0
1879,2020-02-23,154.0
1880,2020-02-24,154.0
1881,2020-02-25,154.0
1882,2020-02-26,154.0
1883,2020-02-27,154.0
1884,2020-02-28,154.0
1885,2020-02-29,154.0
1886,2020-03-01,154.0
1887,2020-03-02,154.0
1888,2020-03-03,154.0
1889,2020-03-04,154.0
1890,2020-03-05,154.0
1891,2020-03-06,154.0
1892,2020-03-07,154.0
1893,2020-03-08,154.0
1894,2020-03-09,154.0
1895,2020-03-10,154.0
1896,2020-03-11,154.0
1897,2020-03-12,154.0
1898,2020-03-13,154.0
1899,2020-03-14,154.0
1900,2020-03-15,154.0
1901,2020-03-16,154.0
1902,2020-03-17,154.0
1903,2020-03-18,154.0
1904,2020-03-19,154.0
1905,2020-03-20,154.0
1906,2020-03-21,154.0
1907,2020-03-22,154.0
1908,2020-03-23,154.0
1909,2020-03-24,154.0
1910,2020-03-25,154.0
1911,2020-03-26,154.0
1912,2020-03-27,154.0
1913,2020-03-28,154.0
1914,2020-03-29,154.0
1915,2020-03-30,154.0
1916,2020-03-31,154.0
1917,2020-04-01,154.0
1918,2020-04-02,154.0
1919,2020-04-03,154.0
1920,2020-04-04,154.0
1921,2020-04-05,154.0
1922,2020-04-06,154.0
1923,2020-04-07,154.0
1924,2020-04-08,154.0
1925,2020-04-09,154.0
1926,2020-04-10,154.0
1927,2020-04-11,154.0
1928,2020-04-12,154.0
1929,2020-04-13,154.0
1930,2020-04-14,154.0
1931,2020-04-15,154.0
1932,2020-04-16,154.0
1933,2020-04-17,154.0
1934,2020-04-18,154.0
1935,2020-04-19,154.0
1936,2020-04-20,154.0
1937,2020-04-21,154.0
1938,2020-04-22,154.0
1939,2020-04-23,154.0
1940,2020-04-24,154.0
1941,2020-04-25,154.0
1942,2020-04-26,154.0
1943,2020-04-27,154.0
1944,2020-04-28,154.0
1945,2020-04-29,154.0
1946,2020-04-30,154.0
1947,2020-05-01,154.0
1948,2020-05-02,154.0
1949,2020-05-03,154.0
1950,2020-05-04,154.0
1951,2020-05-05,154.0
1952,2020-05-06,154.0
1953,2020-05-07,154.0
1954,2020-05-08,154.0
1955,2020-05-09,154.0
1956,2020-05-10,154.0
1957,2020-05-11,154.0
1958,2020-05-12,154.0
1959,2020-05-13,154.0
1960,2020-05-14,154.0
1961,2020-05-15,154.0
1962,2020-05-16,154.0
1963,2020-05-17,154.0
1964,2020-05-18,154.0
1965,2020-05-19,154.0
1966,2020-05-20,154.0
1967,2020-05-21,154.0
1968,2020-05-22,154.0
1969,2020-05-23,154.0
1970,2020-05-24,154.0
1971,2020-05-25,154.0
1972,2020-05-26,154.0
1973,2020-05-27,154.0
1974,2020-05-28,154.0
1975,2020-05-29,154.0
1976,2020-05-30,154.0
1977,2020-05-31,154.0
1978,2020-06-01,154.0
1979,2020-06-02,154.0
1980,2020-06-03,154.0
1981,2020-06-04,154.0
1982,2020-06-05,154.0
1983,2020-06-06,154.0
1984,2020-06-07,154.0
1985,2020-06-08,154.0
1986,2020-06-09,154.0
1987,2020-06-10,154.0
1988,2020-06-11,154.0
1989,2020-06-12,154.0
1990,2020-06-13,154.0
1991,2020-06-14,154.0
1992,2020-06-15,154.0
1993,2020-06-16,154.0
1994,2020-06-17,154.0
1995,2020-06-18,154.0
1996,2020-06-19,154.0
1997,2020-06-20,154.0
1998,2020-06-21,154.0
1999,2020-06-22,154.0
2000,2020-06-23,154.0
2001,2020-06-24,154.0
2002,2020-06-25,154.0
2003,2020-06-26,154.0
2004,2020-06-27,154.0
2005,2020-06-28,154.0
2006,2020-06-29,154.0
2007,2020-06-30,154.0
2008,2020-07-01,154.0
2009,2020-07-02,154.0
2010,2020-07-03,154.0
2011,2020-07-04,154.0
2012,2020-07-05,154.0
2013,2020-07-06,154.0
2014,2020-07-07,154.0
2015,2020-07-08,154.0
2016,2020-07-09,154.0
2017,2020-07-10,154.0
2018,2020-07-11,154.0
2019,2020-07-12,154.0
2020,2020-07-13,154.0
2021,2020-07-14,154.0
2022,2020-07-15,154.0
2023,2020-07-16,154.0
2024,2020-07-17,154.0
2025,2020-07-18,154.0
2026,2020-07-19,154.0
2027,2020-07-20,154.0
2028,2020-07-21,154.0
2029,2020-07-22,154.0
2030,2020-07-23,154.0
2031,2020-07-24,154.0
2032,2020-07-25,154.0
2033,2020-07-26,154.0
2034,2020-07-27,154.0
2035,2020-07-28,154.0
2036,2020-07-29,154.0
2037,2020-07-30,154.0
2038,2020-07-31,154.0
2039,2020-08-01,154.0
2040,2020-08-02,154.0
2041,2020-08-03,154.0
2042,2020-08-04,154.0
2043,2020-08-05,154.0
2044,2020-08-06,154.0
2045,2020-08-07,154.0
2046,2020-08-08,154.0
2047,2020-08-09,154.0
2048,2020-08-10,154.0
2049,2020-08-11,154.0
2050,2020-08-12,154.0
2051,2020-08-13,154.0
2052,2020-08-14,154.0
2053,2020-08-15,154.0
2054,2020-08-16,154.0
2055,2020-08-17,154.0
2056,2020-08-18,154.0
2057,2020-08-19,154.0
2058,2020-08-20,154.0
2059,2020-08-21,154.0
2060,2020-08-22,154.0
2061,2020-08-23,154.0
2062,2020-08-24,154.0
2063,2020-08-25,154.0
2064,2020-08-26,154.0
2065,2020-08-27,154.0
2066,2020-08-28,154.0
2067,2020-08-29,154.0
2068,2020-08-30,154.0
2069,2020-08-31,154.0
2070,2020-09-01,154.0
2071,2020-09-02,154.0
2072,2020-09-03,154.0
2073,2020-09-04,154.0
2074,2020-09-05,154.0
2075,2020-09-06,154.0
2076,2020-09-07,154.0
2077,2020-09-08,154.0
2078,2020-09-09,154.0
2079,2020-09-10,154.0
2080,2020-09-11,154.0
2081,2020-09-12,154.0
2082,2020-09-13,154.0
2083,2020-09-14,154.0
2084,2020-09-15,154.0
2085,2020-09-16,154.0
2086,2020-09-17,154.0
2087,2020-09-18,154.0
2088,2020-09-19,154.0
2089,2020-09-20,154.0
2090,2020-09-21,154.0
2091,2020-09-22,154.0
2092,2020-09-23,154.0
2093,2020-09-24,154.0
2094,2020-09-25,154.0
2095,2020-09-26,154.0
2096,2020-09-27,154.0
2097,2020-09-28,154.0
2098,2020-09-29,154.0
2099,2020-09-30,154.0
2100,2020-10-01,154.0
2101,2020-10-02,154.0
2102,2020-10-03,154.0
2103,2020-10-04,154.0
2104,2020-10-05,154.0
2105,2020-10-06,154.0
2106,2020-10-07,154.0
2107,2020-10-08,154.0
2108,2020-10-09,154.0
2109,2020-10-10,154.0
2110,2020-10-11,154.0
2111,2020-10-12,154.0
2112,2020-10-13,154.0
2113,2020-10-14,154.0
2114,2020-10-15,154.0
2115,2020-10-16,154.0
2116,2020-10-17,154.0
2117,2020-10-18,154.0
2118,2020-10-19,154.0
2119,2020-10-20,154.0
2120,2020-10-21,154.0
2121,2020-10-22,154.0
2122,2020-10-23,154.0
2123,2020-10-24,154.0
2124,2020-10-25,154.0
2125,2020-10-26,154.0
2126,2020-10-27,154.0
2127,2020-10-28,154.0
2128,2020-10-29,154.0
2129,2020-10-30,154.0
2130,2020-10-31,154.0
2131,2020-11-01,154.0
2132,2020-11-02,154.0
2133,2020-11-03,154.0
2134,2020-11-04,154.0
2135,2020-11-05,154.0
2136,2020-11-06,154.0
2137,2020-11-07,154.0
2138,2020-11-08,154.0
2139,2020-11-09,154.0
2140,2020-11-10,154.0
2141,2020-11-11,154.0
2142,2020-11-12,154.0
2143,2020-11-13,154.0
2144,2020-11-14,154.0
2145,2020-11-15,154.0
2146,2020-11-16,154.0
2147,2020-11-17,154.0
2148,2020-11-18,154.0
2149,2020-11-19,154.0
2150,2020-11-20,154.0
2151,2020-11-21,154.0
2152,2020-11-22,154.0
2153,2020-11-23,154.0
2154,2020-11-24,154.0
2155,2020-11-25,154.0
2156,2020-11-26,154.0
2157,2020-11-27,154.0
2158,2020-11-28,154.0
2159,2020-11-29,154.0
2160,2020-11-30,154.0
2161,2020-12-01,154.0
2162,2020-12-02,154.0
2163,2020-12-03,154.0
2164,2020-12-04,154.0
2165,2020-12-05,154.0
2166,2020-12-06,154.0
2167,2020-12-07,154.0
2168,2020-12-08,154.0
2169,2020-12-09,154.0
2170,2020-12-10,154.0
2171,2020-12-11,154.0
2172,2020-12-12,154.0
2173,2020-12-13,154.0
2174,2020-12-14,154.0
2175,2020-12-15,154.0
2176,2020-12-16,154.0
2177,2020-12-17,154.0
2178,2020-12-18,154.0
2179,2020-12-19,154.0
2180,2020-12-20,154.0
2181,2020-12-21,154.0
2182,2020-12-22,154.0
2183,2020-12-23,154.0
2184,2020-12-24,154.0
2185,2020-12-25,154.0
2186,2020-12-26,154.0
2187,2020-12-27,154.0
2188,2020-12-28,154.0
2189,2020-12-29,154.0
2190,2020-12-30,154.0
2191,2020-12-31,154.0
2192,2021-01-01,154.0
2193,2021-01-02,154.0
2194,2021-01-03,154.0
2195,2021-01-04,154.0
2196,2021-01-05,154.0
2197,2021-01-06,154.0
2198,2021-01-07,154.0
2199,2021-01-08,154.0
2200,2021-01-09,154.0
2201,2021-01-10,154.0
2202,2021-01-11,154.0
2203,2021-01-12,154.0
2204,2021-01-13,154.0
2205,2021-01-14,154.0
2206,2021-01-15,154.0
2207,2021-01-16,154.0
2208,2021-01-17,154.0
2209,2021-01-18,154.0
2210,2021-01-19,154.0
2211,2021-01-20,154.0
2212,2021-01-21,154.0
2213,2021-01-22,154.0
2214,2021-01-23,154.0
2215,2021-01-24,154.0
2216,2021-01-25,154.0
2217,2021-01-26,154.0
2218,2021-01-27,154.0
2219,2021-01-28,154.0
2220,2021-01-29,154.0
2221,2021-01-30,154.0
2222,2021-01-31,154.0
2223,2021-02-01,154.0
2224,2021-02-02,154.0
2225,2021-02-03,154.0
2226,2021-02-04,154.0
2227,2021-02-05,154.0
2228,2021-02-06,154.0
2229,2021-02-07,154.0
2230,2021-02-08,154.0
2231,2021-02-09,154.0
2232,2021-02-10,154.0
2233,2021-02-11,154.0
2234,2021-02-12,154.0
2235,2021-02-13,154.0
2236,2021-02-14,154.0
2237,2021-02-15,154.0
2238,2021-02-16,154.0
2239,2021-02-17,154.0
2240,2021-02-18,154.0
2241,2021-02-19,154.0
2242,2021-02-20,154.0
2243,2021-02-21,154.0
2244,2021-02-22,154.0
2245,2021-02-23,154.0
2246,2021-02-24,154.0
2247,2021-02-25,154.0
2248,2021-02-26,154.0
2249,2021-02-27,154.0
2250,2021-02-28,154.0
2251,2021-03-01,154.0
2252,2021-03-02,154.0
2253,2021-03-03,154.0
2254,2021-03-04,154.0
2255,2021-03-05,154.0
2256,2021-03-06,154.0
2257,2021-03-07,154.0
2258,2021-03-08,154.0
2259,2021-03-09,154.0
2260,2021-03-10,154.0
2261,2021-03-11,154.0
2262,2021-03-12,154.0
2263,2021-03-13,154.0
2264,2021-03-14,154.0
2265,2021-03-15,154.0
2266,2021-03-16,154.0
2267,2021-03-17,154.0
2268,2021-03-18,154.0
2269,2021-03-19,154.0
2270,2021-03-20,154.0
2271,2021-03-21,154.0
2272,2021-03-22,154.0
2273,2021-03-23,154.0
2274,2021-03-24,154.0
2275,2021-03-25,154.0
2276,2021-03-26,154.0
2277,2021-03-27,154.0
2278,2021-03-28,154.0
2279,2021-03-29,154.0
2280,2021-03-30,154.0
2281,2021-03-31,154.0
2282,2021-04-01,154.0
2283,2021-04-02,154.0
2284,2021-04-03,154.0
2285,2021-04-04,154.0
2286,2021-04-05,154.0
2287,2021-04-06,154.0
2288,2021-04-07,154.0
2289,2021-04-08,154.0
2290,2021-04-09,154.0
2291,2021-04-10,154.0
2292,2021-04-11,154.0
2293,2021-04-12,154.0
2294,2021-04-13,154.0
2295,2021-04-14,154.0
2296,2021-04-15,154.0
2297,2021-04-16,154.0
2298,2021-04-17,154.0
2299,2021-04-18,154.0
2300,2021-04-19,154.0
2301,2021-04-20,154.0
2302,2021-04-21,154.0
2303,2021-04-22,154.0
2304,2021-04-23,154.0
2305,2021-04-24,154.0
2306,2021-04-25,154.0
2307,2021-04-26,154.0
2308,2021-04-27,154.0
2309,2021-04-28,154.0
2310,2021-04-29,154.0
2311,2021-04-30,154.0
2312,2021-05-01,154.0
2313,2021-05-02,154.0
2314,2021-05-03,154.0
2315,2021-05-04,154.0
2316,2021-05-05,154.0
2317,2021-05-06,154.0
2318,2021-05-07,154.0
2319,2021-05-08,154.0
2320,2021-05-09,154.0
2321,2021-05-10,154.0
2322,2021-05-11,154.0
2323,2021-05-12,154.0
2324,2021-05-13,154.0
2325,2021-05-14,154.0
2326,2021-05-15,154.0
2327,2021-05-16,154.0
2328,2021-05-17,154.0
2329,2021-05-18,154.0
2330,2021-05-19,154.0
2331,2021-05-20,154.0
2332,2021-05-21,154.0
2333,2021-05-22,154.0
2334,2021-05-23,154.0
2335,2021-05-24,154.0
2336,2021-05-25,154.0
2337,2021-05-26,154.0
2338,2021-05-27,154.0
2339,2021-05-28,154.0
2340,2021-05-29,154.0
2341,2021-05-30,154.0
2342,2021-05-31,154.0
2343,2021-06-01,154.0
2344,2021-06-02,154.0
2345,2021-06-03,154.0
2346,2021-06-04,154.0
2347,2021-06-05,154.0
2348,2021-06-06,154.0
2349,2021-06-07,154.0
2350,2021-06-08,154.0
2351,2021-06-09,154.0
2352,2021-06-10,154.0
2353,2021-06-11,154.0
2354,2021-06-12,154.0
2355,2021-06-13,154.0
2356,2021-06-14,154.0
2357,2021-06-15,154.0
2358,2021-06-16,154.0
2359,2021-06-17,154.0
2360,2021-06-18,154.0
2361,2021-06-19,154.0
2362,2021-06-20,154.0
2363,2021-06-21,154.0
2364,2021-06-22,154.0
2365,2021-06-23,154.0
2366,2021-06-24,154.0
2367,2021-06-25,154.0
2368,2021-06-26,154.0
2369,2021-06-27,154.0
2370,2021-06-28,154.0
2371,2021-06-29,154.0
2372,2021-06-30,154.0
2373,2021-07-01,154.0
2374,2021-07-02,154.0
2375,2021-07-03,154.0
2376,2021-07-04,154.0
2377,2021-07-05,154.0
2378,2021-07-06,154.0
2379,2021-07-07,154.0
2380,2021-07-08,154.0
2381,2021-07-09,154.0
2382,2021-07-10,154.0
2383,2021-07-11,154.0
2384,2021-07-12,154.0
2385,2021-07-13,154.0
2386,2021-07-14,154.0
2387,2021-07-15,154.0
2388,2021-07-16,154.0
2389,2021-07-17,154.0
2390,2021-07-18,154.0
2391,2021-07-19,154.0
2392,2021-07-20,154.0
2393,2021-07-21,154.0
2394,2021-07-22,154.0
2395,2021-07-23,154.0
2396,2021-07-24,154.0
2397,2021-07-25,154.0
2398,2021-07-26,154.0
2399,2021-07-27,154.0
2400,2021-07-28,154.0
2401,2021-07-29,154.0
2402,2021-07-30,154.0
2403,2021-07-31,154.0
2404,2021-08-01,154.0
2405,2021-08-02,154.0
2406,2021-08-03,154.0
2407,2021-08-04,154.0
2408,2021-08-05,154.0
2409,2021-08-06,154.0
2410,2021-08-07,154.0
2411,2021-08-08,154.0
2412,2021-08-09,154.0
2413,2021-08-10,154.0
2414,2021-08-11,154.0
2415,2021-08-12,154.0
2416,2021-08-13,154.0
2417,2021-08-14,154.0
2418,2021-08-15,154.0
2419,2021-08-16,154.0
2420,2021-08-17,154.0
2421,2021-08-18,154.0
2422,2021-08-19,154.0
2423,2021-08-20,154.0
2424,2021-08-21,154.0
2425,2021-08-22,154.0
2426,2021-08-23,154.0
2427,2021-08-24,154.0
2428,2021-08-25,154.0
2429,2021-08-26,154.0
2430,2021-08-27,154.0
2431,2021-08-28,154.0
2432,2021-08-29,154.0
2433,2021-08-30,154.0
2434,2021-08-31,154.0
2435,2021-09-01,154.0
2436,2021-09-02,154.0
2437,2021-09-03,154.0
2438,2021-09-04,154.0
2439,2021-09-05,154.0
2440,2021-09-06,154.0
2441,2021-09-07,154.0
2442,2021-09-08,154.0
2443,2021-09-09,154.0
2444,2021-09-10,154.0
2445,2021-09-11,154.0
2446,2021-09-12,154.0
2447,2021-09-13,154.0
2448,2021-09-14,154.0
2449,2021-09-15,154.0
2450,2021-09-16,154.0
2451,2021-09-17,154.0
2452,2021-09-18,154.0
2453,2021-09-19,154.0
2454,2021-09-20,154.0
2455,2021-09-21,154.0
2456,2021-09-22,154.0
2457,2021-09-23,154.0
2458,2021-09-24,154.0
2459,2021-09-25,154.0
2460,2021-09-26,154.0
2461,2021-09-27,154.0
2462,2021-09-28,154.0
2463,2021-09-29,154.0
2464,2021-09-30,154.0
2465,2021-10-01,154.0
2466,2021-10-02,154.0
2467,2021-10-03,154.0
2468,2021-10-04,154.0
2469,2021-10-05,154.0
2470,2021-10-06,154.0
2471,2021-10-07,154.0
2472,2021-10-08,154.0
2473,2021-10-09,154.0
2474,2021-10-10,154.0
2475,2021-10-11,154.0
2476,2021-10-12,154.0
2477,2021-10-13,154.0
2478,2021-10-14,154.0
2479,2021-10-15,154.0
2480,2021-10-16,154.0
2481,2021-10-17,154.0
2482,2021-10-18,154.0
2483,2021-10-19,154.0
2484,2021-10-20,154.0
2485,2021-10-21,154.0
2486,2021-10-22,154.0
2487,2021-10-23,154.0
2488,2021-10-24,154.0
2489,2021-10-25,154.0
2490,2021-10-26,154.0
2491,2021-10-27,154.0
2492,2021-10-28,154.0
2493,2021-10-29,154.0
2494,2021-10-30,154.0
2495,2021-10-31,154.0
2496,2021-11-01,154.0
2497,2021-11-02,154.0
2498,2021-11-03,154.0
2499,2021-11-04,154.0
2500,2021-11-05,154.0
2501,2021-11-06,154.0
2502,2021-11-07,154.0
2503,2021-11-08,154.0
2504,2021-11-09,154.0
2505,2021-11-10,154.0
2506,2021-11-11,154.0
2507,2021-11-12,154.0
2508,2021-11-13,154.0
2509,2021-11-14,154.0
2510,2021-11-15,154.0
2511,2021-11-16,154.0
2512,2021-11-17,154.0
2513,2021-11-18,154.0
2514,2021-11-19,154.0
2515,2021-11-20,154.0
2516,2021-11-21,154.0
2517,2021-11-22,154.0
2518,2021-11-23,154.0
2519,2021-11-24,154.0
2520,2021-11-25,154.0
2521,2021-11-26,154.0
2522,2021-11-27,154.0
2523,2021-11-28,154.0
2524,2021-11-29,154.0
2525,2021-11-30,154.0
2526,2021-12-01,154.0
2527,2021-12-02,154.0
2528,2021-12-03,154.0
2529,2021-12-04,154.0
2530,2021-12-05,154.0
2531,2021-12-06,154.0
2532,2021-12-07,154.0
2533,2021-12-08,154.0
2534,2021-12-09,154.0
2535,2021-12-10,154.0
2536,2021-12-11,154.0
2537,2021-12-12,154.0
2538,2021-12-13,154.0
2539,2021-12-14,154.0
2540,2021-12-15,154.0
2541,2021-12-16,154.0
2542,2021-12-17,154.0
2543,2021-12-18,154.0
2544,2021-12-19,154.0
2545,2021-12-20,154.0
2546,2021-12-21,154.0
2547,2021-12-22,154.0
2548,2021-12-23,154.0
2549,2021-12-24,154.0
2550,2021-12-25,154.0
2551,2021-12-26,154.0
2552,2021-12-27,154.0
2553,2021-12-28,154.0
2554,2021-12-29,154.0
2555,2021-12-30,154.0
2556,2021-12-31,154.0
2557,2022-01-01,154.0
2558,2022-01-02,154.0
2559,2022-01-03,154.0
2560,2022-01-04,154.0
2561,2022-01-05,154.0
2562,2022-01-06,154.0
2563,2022-01-07,154.0
2564,2022-01-08,154.0
2565,2022-01-09,154.0
2566,2022-01-10,154.0
2567,2022-01-11,154.0
2568,2022-01-12,154.0
2569,2022-01-13,154.0
2570,2022-01-14,154.0
2571,2022-01-15,154.0
2572,2022-01-16,154.0
2573,2022-01-17,154.0
2574,2022-01-18,154.0
2575,2022-01-19,154.0
2576,2022-01-20,154.0
2577,2022-01-21,154.0
2578,2022-01-22,154.0
2579,2022-01-23,154.0
2580,2022-01-24,154.0
2581,2022-01-25,154.0
2582,2022-01-26,154.0
2583,2022-01-27,154.0
2584,2022-01-28,154.0
2585,2022-01-29,154.0
2586,2022-01-30,154.0
2587,2022-01-31,154.0
2588,2022-02-01,154.0
2589,2022-02-02,154.0
2590,2022-02-03,154.0
2591,2022-02-04,154.0
2592,2022-02-05,154.0
2593,2022-02-06,154.0
2594,2022-02-07,154.0
2595,2022-02-08,154.0
2596,2022-02-09,154.0
2597,2022-02-10,154.0
2598,2022-02-11,154.0
2599,2022-02-12,154.0
2600,2022-02-13,154.0
2601,2022-02-14,154.0
2602,2022-02-15,154.0
2603,2022-02-16,154.0
2604,2022-02-17,154.0
2605,2022-02-18,154.0
2606,2022-02-19,154.0
2607,2022-02-20,154.0
2608,2022-02-21,154.0
2609,2022-02-22,154.0
2610,2022-02-23,154.0
2611,2022-02-24,154.0
2612,2022-02-25,154.0
2613,2022-02-26,154.0
2614,2022-02-27,154.0
2615,2022-02-28,154.0
2616,2022-03-01,154.0
2617,2022-03-02,154.0
2618,2022-03-03,154.0
2619,2022-03-04,154.0
2620,2022-03-05,154.0
2621,2022-03-06,154.0
2622,2022-03-07,154.0
2623,2022-03-08,154.0
2624,2022-03-09,154.0
2625,2022-03-10,154.0
2626,2022-03-11,154.0
2627,2022-03-12,154.0
2628,2022-03-13,154.0
2629,2022-03-14,154.0
2630,2022-03-15,154.0
2631,2022-03-16,154.0
2632,2022-03-17,154.0
2633,2022-03-18,154.0
2634,2022-03-19,154.0
2635,2022-03-20,154.0
2636,2022-03-21,154.0
2637,2022-03-22,154.0
2638,2022-03-23,154.0
2639,2022-03-24,154.0
2640,2022-03-25,154.0
2641,2022-03-26,154.0
2642,2022-03-27,154.0
2643,2022-03-28,154.0
2644,2022-03-29,154.0
2645,2022-03-30,154.0
2646,2022-03-31,154.0
2647,2022-04-01,154.0
2648,2022-04-02,154.0
2649,2022-04-03,154.0
2650,2022-04-04,154.0
2651,2022-04-05,154.0
2652,2022-04-06,154.0
2653,2022-04-07,154.0
2654,2022-04-08,154.0
2655,2022-04-09,154.0
2656,2022-04-10,154.0
2657,2022-04-11,154.0
2658,2022-04-12,154.0
2659,2022-04-13,154.0
2660,2022-04-14,154.0
2661,2022-04-15,154.0
2662,2022-04-16,154.0
2663,2022-04-17,154.0
2664,2022-04-18,154.0
2665,2022-04-19,154.0
2666,2022-04-20,154.0
2667,2022-04-21,154.0
2668,2022-04-22,154.0
2669,2022-04-23,154.0
2670,2022-04-24,154.0
2671,2022-04-25,154.0
2672,2022-04-26,154.0
2673,2022-04-27,154.0
2674,2022-04-28,154.0
2675,2022-04-29,154.0
2676,2022-04-30,154.0
2677,2022-05-01,154.0
2678,2022-05-02,154.0
2679,2022-05-03,154.0
2680,2022-05-04,154.0
2681,2022-05-05,154.0
2682,2022-05-06,154.0
2683,2022-05-07,154.0
2684,2022-05-08,154.0
2685,2022-05-09,154.0
2686,2022-05-10,154.0
2687,2022-05-11,154.0
2688,2022-05-12,154.0
2689,2022-05-13,154.0
2690,2022-05-14,154.0
2691,2022-05-15,154.0
2692,2022-05-16,154.0
2693,2022-05-17,154.0
2694,2022-05-18,154.0
2695,2022-05-19,154.0
2696,2022-05-20,154.0
2697,2022-05-21,154.0
2698,2022-05-22,154.0
2699,2022-05-23,154.0
2700,2022-05-24,154.0
2701,2022-05-25,154.0
2702,2022-05-26,154.0
2703,2022-05-27,154.0
2704,2022-05-28,154.0
2705,2022-05-29,154.0
2706,2022-05-30,154.0
2707,2022-05-31,154.0
2708,2022-06-01,154.0
2709,2022-06-02,154.0
2710,2022-06-03,154.0
2711,2022-06-04,154.0
2712,2022-06-05,154.0
2713,2022-06-06,154.0
2714,2022-06-07,154.0
2715,2022-06-08,154.0
2716,2022-06-09,154.0
2717,2022-06-10,154.0
2718,2022-06-11,154.0
2719,2022-06-12,154.0
2720,2022-06-13,154.0
2721,2022-06-14,154.0
2722,2022-06-15,154.0
2723,2022-06-16,154.0
2724,2022-06-17,154.0
2725,2022-06-18,154.0
2726,2022-06-19,154.0
2727,2022-06-20,154.0
2728,2022-06-21,154.0
2729,2022-06-22,154.0
2730,2022-06-23,154.0
2731,2022-06-24,154.0
2732,2022-06-25,154.0
2733,2022-06-26,154.0
2734,2022-06-27,154.0
2735,2022-06-28,154.0
2736,2022-06-29,154.0
2737,2022-06-30,154.0
2738,2022-07-01,154.0
2739,2022-07-02,154.0
2740,2022-07-03,154.0
2741,2022-07-04,154.0
2742,2022-07-05,154.0
2743,2022-07-06,154.0
2744,2022-07-07,154.0
2745,2022-07-08,154.0
2746,2022-07-09,154.0
2747,2022-07-10,154.0
2748,2022-07-11,154.0
2749,2022-07-12,154.0
2750,2022-07-13,154.0
2751,2022-07-14,154.0
2752,2022-07-15,154.0
2753,2022-07-16,154.0
2754,2022-07-17,154.0
2755,2022-07-18,154.0
2756,2022-07-19,154.0
2757,2022-07-20,154.0
2758,2022-07-21,154.0
2759,2022-07-22,154.0
2760,2022-07-23,154.0
2761,2022-07-24,154.0
2762,2022-07-25,154.0
2763,2022-07-26,154.0
2764,2022-07-27,154.0
2765,2022-07-28,154.0
2766,2022-07-29,154.0
2767,2022-07-30,154.0
2768,2022-07-31,154.0
2769,2022-08-01,154.0
2770,2022-08-02,154.0
2771,2022-08-03,154.0
2772,2022-08-04,154.0
2773,2022-08-05,154.0
2774,2022-08-06,154.0
2775,2022-08-07,154.0
2776,2022-08-08,154.0
2777,2022-08-09,154.0
2778,2022-08-10,154.0
2779,2022-08-11,154.0
2780,2022-08-12,154.0
2781,2022-08-13,154.0
2782,2022-08-14,154.0
2783,2022-08-15,154.0
2784,2022-08-16,154.0
2785,2022-08-17,154.0
2786,2022-08-18,154.0
2787,2022-08-19,154.0
2788,2022-08-20,154.0
2789,2022-08-21,154.0
2790,2022-08-22,154.0
2791,2022-08-23,154.0
2792,2022-08-24,154.0
2793,2022-08-25,154.0
2794,2022-08-26,154.0
2795,2022-08-27,154.0
2796,2022-08-28,154.0
2797,2022-08-29,154.0
2798,2022-08-30,154.0
2799,2022-08-31,154.0
2800,2022-09-01,154.0
2801,2022-09-02,154.0
2802,2022-09-03,154.0
2803,2022-09-04,154.0
2804,2022-09-05,154.0
2805,2022-09-06,154.0
2806,2022-09-07,154.0
2807,2022-09-08,154.0
2808,2022-09-09,154.0
2809,2022-09-10,154.0
2810,2022-09-11,154.0
2811,2022-09-12,154.0
2812,2022-09-13,154.0
2813,2022-09-14,154.0
2814,2022-09-15,154.0
2815,2022-09-16,154.0
2816,2022-09-17,154.0
2817,2022-09-18,154.0
2818,2022-09-19,154.0
2819,2022-09-20,154.0
2820,2022-09-21,154.0
2821,2022-09-22,154.0
2822,2022-09-23,154.0
2823,2022-09-24,154.0
2824,2022-09-25,154.0
2825,2022-09-26,154.0
2826,2022-09-27,154.0
2827,2022-09-28,154.0
2828,2022-09-29,154.0
2829,2022-09-30,154.0
2830,2022-10-01,154.0
2831,2022-10-02,154.0
2832,2022-10-03,154.0
2833,2022-10-04,154.0
2834,2022-10-05,154.0
2835,2022-10-06,154.0
2836,2022-10-07,154.0
2837,2022-10-08,154.0
2838,2022-10-09,154.0
2839,2022-10-10,154.0
2840,2022-10-11,154.0
2841,2022-10-12,154.0
2842,2022-10-13,154.0
2843,2022-10-14,154.0
2844,2022-10-15,154.0
2845,2022-10-16,154.0
2846,2022-10-17,154.0
2847,2022-10-18,154.0
2848,2022-10-19,154.0
2849,2022-10-20,154.0
2850,2022-10-21,154.0
2851,2022-10-22,154.0
2852,2022-10-23,154.0
2853,2022-10-24,154.0
2854,2022-10-25,154.0
2855,2022-10-26,154.0
2856,2022-10-27,154.0
2857,2022-10-28,154.0
2858,2022-10-29,154.0
2859,2022-10-30,154.0
2860,2022-10-31,154.0
2861,2022-11-01,154.0
2862,2022-11-02,154.0
2863,2022-11-03,154.0
2864,2022-11-04,154.0
2865,2022-11-05,154.0
2866,2022-11-06,154.0
2867,2022-11-07,154.0
2868,2022-11-08,154.0
2869,2022-11-09,154.0
2870,2022-11-10,154.0
2871,2022-11-11,154.0
2872,2022-11-12,154.0
2873,2022-11-13,154.0
2874,2022-11-14,154.0
2875,2022-11-15,154.0
2876,2022-11-16,154.0
2877,2022-11-17,154.0
2878,2022-11-18,154.0
2879,2022-11-19,154.0
2880,2022-11-20,154.0
2881,2022-11-21,154.0
2882,2022-11-22,154.0
2883,2022-11-23,154.0
2884,2022-11-24,154.0
2885,2022-11-25,154.0
2886,2022-11-26,154.0
2887,2022-11-27,154.0
2888,2022-11-28,154.0
2889,2022-11-29,154.0
2890,2022-11-30,154.0
2891,2022-12-01,154.0
2892,2022-12-02,154.0
2893,2022-12-03,154.0
2894,2022-12-04,154.0
2895,2022-12-05,154.0
2896,2022-12-06,154.0
2897,2022-12-07,154.0
2898,2022-12-08,154.0
2899,2022-12-09,154.0
2900,2022-12-10,154.0
2901,2022-12-11,154.0
2902,2022-12-12,154.0
2903,2022-12-13,154.0
2904,2022-12-14,154.0
2905,2022-12-15,154.0
2906,2022-12-16,154.0
2907,2022-12-17,154.0
2908,2022-12-18,154.0
2909,2022-12-19,154.0
2910,2022-12-20,154.0
2911,2022-12-21,154.0
2912,2022-12-22,154.0
2913,2022-12-23,154.0
2914,2022-12-24,154.0
2915,2022-12-25,154.0
2916,2022-12-26,154.0
2917,2022-12-27,154.0
2918,2022-12-28,154.0
2919,2022-12-29,154.0
2920,2022-12-30,154.0
2921,2022-12-31,154.0
2922,2023-01-01,154.0
2923,2023-01-02,154.0
2924,2023-01-03,154.0
2925,2023-01-04,154.0
2926,2023-01-05,154.0
2927,2023-01-06,154.0
2928,2023-01-07,154.0
2929,2023-01-08,154.0
2930,2023-01-09,154.0
2931,2023-01-10,154.0
2932,2023-01-11,154.0
2933,2023-01-12,154.0
2934,2023-01-13,154.0
2935,2023-01-14,154.0
2936,2023-01-15,154.0
2937,2023-01-16,154.0
2938,2023-01-17,154.0
2939,2023-01-18,154.0
2940,2023-01-19,154.0
2941,2023-01-20,154.0
2942,2023-01-21,154.0
2943,2023-01-22,154.0
2944,2023-01-23,154.0
2945,2023-01-24,154.0
2946,2023-01-25,154.0
2947,2023-01-26,154.0
2948,2023-01-27,154.0
2949,2023-01-28,154.0
2950,2023-01-29,154.0
2951,2023-01-30,154.0
2952,2023-01-31,154.0
2953,2023-02-01,154.0
2954,2023-02-02,154.0
2955,2023-02-03,154.0
2956,2023-02-04,154.0
2957,2023-02-05,154.0
2958,2023-02-06,154.0
2959,2023-02-07,154.0
2960,2023-02-08,154.0
2961,2023-02-09,154.0
2962,2023-02-10,154.0
2963,2023-02-11,154.0
2964,2023-02-12,154.0
2965,2023-02-13,154.0
2966,2023-02-14,154.0
2967,2023-02-15,154.0
2968,2023-02-16,154.0
2969,2023-02-17,154.0
2970,2023-02-18,154.0
2971,2023-02-19,154.0
2972,2023-02-20,154.0
2973,2023-02-21,154.0
2974,2023-02-22,154.0
2975,2023-02-23,154.0
2976,2023-02-24,154.0
2977,2023-02-25,154.0
2978,2023-02-26,154.0
2979,2023-02-27,154.0
2980,2023-02-28,154.0
2981,2023-03-01,154.0
2982,2023-03-02,154.0
2983,2023-03-03,154.0
2984,2023-03-04,154.0
2985,2023-03-05,154.0
2986,2023-03-06,154.0
2987,2023-03-07,154.0
2988,2023-03-08,154.0
2989,2023-03-09,154.0
2990,2023-03-10,154.0
2991,2023-03-11,154.0
2992,2023-03-12,154.0
2993,2023-03-13,154.0
2994,2023-03-14,154.0
2995,2023-03-15,154.0
2996,2023-03-16,154.0
2997,2023-03-17,154.0
2998,2023-03-18,154.0
2999,2023-03-19,154.0
3000,2023-03-20,154.0
3001,2023-03-21,154.0
3002,2023-03-22,154.0
3003,2023-03-23,154.0
3004,2023-03-24,154.0
3005,2023-03-25,154.0
3006,2023-03-26,154.0
3007,2023-03-27,154.0
3008,2023-03-28,154.0
3009,2023-03-29,154.0
3010,2023-03-30,154.0
3011,2023-03-31,154.0
3012,2023-04-01,154.0
3013,2023-04-02,154.0
3014,2023-04-03,154.0
3015,2023-04-04,154.0
3016,2023-04-05,154.0
3017,2023-04-06,154.0
3018,2023-04-07,154.0
3019,2023-04-08,154.0
3020,2023-04-09,154.0
3021,2023-04-10,154.0
3022,2023-04-11,154.0
3023,2023-04-12,154.0
3024,2023-04-13,154.0
3025,2023-04-14,154.0
3026,2023-04-15,154.0
3027,2023-04-16,154.0
3028,2023-04-17,154.0
3029,2023-04-18,154.0
3030,2023-04-19,154.0
3031,2023-04-20,154.0
3032,2023-04-21,154.0
3033,2023-04-22,154.0
3034,2023-04-23,154.0
3035,2023-04-24,154.0
3036,2023-04-25,154.0
3037,2023-04-26,154.0
3038,2023-04-27,154.0
3039,2023-04-28,154.0
3040,2023-04-29,154.0
3041,2023-04-30,154.0
3042,2023-05-01,154.0
3043,2023-05-02,154.0
3044,2023-05-03,154.0
3045,2023-05-04,154.0
3046,2023-05-05,154.0
3047,2023-05-06,154.0
3048,2023-05-07,154.0
3049,2023-05-08,154.0
3050,2023-05-09,154.0
3051,2023-05-10,154.0
3052,2023-05-11,154.0
3053,2023-05-12,154.0
3054,2023-05-13,154.0
3055,2023-05-14,154.0
3056,2023-05-15,154.0
3057,2023-05-16,154.0
3058,2023-05-17,154.0
3059,2023-05-18,154.0
3060,2023-05-19,154.0
3061,2023-05-20,154.0
3062,2023-05-21,154.0
3063,2023-05-22,154.0
3064,2023-05-23,154.0
3065,2023-05-24,154.0
3066,2023-05-25,154.0
3067,2023-05-26,154.0
3068,2023-05-27,154.0
3069,2023-05-28,154.0
3070,2023-05-29,154.0
3071,2023-05-30,154.0
3072,2023-05-31,154.0
3073,2023-06-01,154.0
3074,2023-06-02,154.0
3075,2023-06-03,154.0
3076,2023-06-04,154.0
3077,2023-06-05,154.0
3078,2023-06-06,154.0
3079,2023-06-07,154.0
3080,2023-06-08,154.0
3081,2023-06-09,154.0
3082,2023-06-10,154.0
3083,2023-06-11,154.0
3084,2023-06-12,154.0
3085,2023-06-13,154.0
3086,2023-06-14,154.0
3087,2023-06-15,154.0
3088,2023-06-16,154.0
3089,2023-06-17,154.0
3090,2023-06-18,154.0
3091,2023-06-19,154.0
3092,2023-06-20,154.0
3093,2023-06-21,154.0
3094,2023-06-22,154.0
3095,2023-06-23,154.0
3096,2023-06-24,154.0
3097,2023-06-25,154.0
3098,2023-06-26,154.0
3099,2023-06-27,154.0
3100,2023-06-28,154.0
3101,2023-06-29,154.0
3102,2023-06-30,154.0
3103,2023-07-01,154.0
3104,2023-07-02,154.0
3105,2023-07-03,154.0
3106,2023-07-04,154.0
3107,2023-07-05,154.0
3108,2023-07-06,154.0
3109,2023-07-07,154.0
3110,2023-07-08,154.0
3111,2023-07-09,154.0
3112,2023-07-10,154.0
3113,2023-07-11,154.0
3114,2023-07-12,154.0
3115,2023-07-13,154.0
3116,2023-07-14,154.0
3117,2023-07-15,154.0
3118,2023-07-16,154.0
3119,2023-07-17,154.0
3120,2023-07-18,154.0
3121,2023-07-19,154.0
3122,2023-07-20,154.0
3123,2023-07-21,154.0
3124,2023-07-22,154.0
3125,2023-07-23,154.0
3126,2023-07-24,154.0
3127,2023-07-25,154.0
3128,2023-07-26,154.0
3129,2023-07-27,154.0
3130,2023-07-28,154.0
3131,2023-07-29,154.0
3132,2023-07-30,154.0
3133,2023-07-31,154.0
3134,2023-08-01,154.0
3135,2023-08-02,154.0
3136,2023-08-03,154.0
3137,2023-08-04,154.0
3138,2023-08-05,154.0
3139,2023-08-06,154.0
3140,2023-08-07,154.0
3141,2023-08-08,154.0
3142,2023-08-09,154.0
3143,2023-08-10,154.0
3144,2023-08-11,154.0
3145,2023-08-12,154.0
3146,2023-08-13,154.0
3147,2023-08-14,154.0
3148,2023-08-15,154.0
3149,2023-08-16,154.0
3150,2023-08-17,154.0
3151,2023-08-18,154.0
3152,2023-08-19,154.0
3153,2023-08-20,154.0
3154,2023-08-21,154.0
3155,2023-08-22,154.0
3156,2023-08-23,154.0
3157,2023-08-24,154.0
3158,2023-08-25,154.0
3159,2023-08-26,154.0
3160,2023-08-27,154.0
3161,2023-08-28,154.0
3162,2023-08-29,154.0
3163,2023-08-30,154.0
3164,2023-08-31,154.0
3165,2023-09-01,154.0
3166,2023-09-02,154.0
3167,2023-09-03,154.0
3168,2023-09-04,154.0
3169,2023-09-05,154.0
3170,2023-09-06,154.0
3171,2023-09-07,154.0
3172,2023-09-08,154.0
3173,2023-09-09,154.0
3174,2023-09-10,154.0
3175,2023-09-11,154.0
3176,2023-09-12,154.0
3177,2023-09-13,154.0
3178,2023-09-14,154.0
3179,2023-09-15,154.0
3180,2023-09-16,154.0
3181,2023-09-17,154.0
3182,2023-09-18,154.0
3183,2023-09-19,154.0
3184,2023-09-20,154.0
3185,2023-09-21,154.0
3186,2023-09-22,154.0
3187,2023-09-23,154.0
3188,2023-09-24,154.0
3189,2023-09-25,154.0
3190,2023-09-26,154.0
3191,2023-09-27,154.0
3192,2023-09-28,154.0
3193,2023-09-29,154.0
